jurisdiction,fiscal_year,programme,kind,amount,organizations,organization
ca-federal,2010-11,Internal Services,appropriation,8322575554.1,96,Women and Gender Equality Canada
ca-federal,2010-11,Land Readiness,appropriation,3030823896.49,1,National Defence
ca-federal,2010-11,Equipment Acquisition and Disposal,appropriation,2745205965.9,1,National Defence
ca-federal,2010-11,First Nations and Inuit Primary Health Care,appropriation,2368259597.41,1,Health Canada
ca-federal,2010-11,Compensation and Financial Support,appropriation,2259808598.98,1,Veterans Affairs Canada
ca-federal,2010-11,Accommodation Management and Real Property Services,appropriation,2214798473.92,1,Public Services and Procurement Canada
ca-federal,2010-11,"International Peace, Stability and Security",appropriation,2157004168.45,1,National Defence
ca-federal,2010-11,Joint and Common Readiness,appropriation,2013878769.75,1,National Defence
ca-federal,2010-11,Skills and Employment,appropriation,1983902390.61,1,Employment and Social Development Canada
ca-federal,2010-11,Maritime Readiness,appropriation,1974912660.5,1,National Defence
ca-federal,2010-11,Government-wide Funds and Public Service Employer Payments,appropriation,1962746055.69,1,Treasury Board of Canada Secretariat
ca-federal,2010-11,Social Development,appropriation,1868774551.71,2,Employment and Social Development Canada
ca-federal,2010-11,Education,appropriation,1781964879.94,1,Crown-Indigenous Relations and Northern Affairs Canada
ca-federal,2010-11,Permanent and Flexible Infrastructure Funding,appropriation,1751432370.83,1,"Housing, Infrastructure and Communities Canada"
ca-federal,2010-11,Aerospace Readiness,appropriation,1638260035.69,1,National Defence
ca-federal,2010-11,Assisted Housing Programs,appropriation,1564180421.5,1,Canada Mortgage and Housing Corporation
ca-federal,2010-11,Custody,appropriation,1338516972.61,1,Correctional Service Canada
ca-federal,2010-11,Clean energy,appropriation,1329537084.29,1,Natural Resources Canada
ca-federal,2010-11,Infrastructure and Capacity,appropriation,1295160171.25,1,Crown-Indigenous Relations and Northern Affairs Canada
ca-federal,2010-11,"Diplomacy, Advocacy, and International Agreements",appropriation,1251297396.37,1,Global Affairs Canada
ca-federal,2010-11,Canadian Broadcasting Corporation,appropriation,1137145060.0,1,Canadian Broadcasting Corporation
ca-federal,2010-11,Health Care Program and Re-establishment Services,appropriation,1082925388.2,1,Veterans Affairs Canada
ca-federal,2010-11,Infrastructure Stimulus Fund,appropriation,1016273485.26,1,"Housing, Infrastructure and Communities Canada"
ca-federal,2010-11,Recruiting of Personnel and Initial Training,appropriation,986094770.73,1,National Defence
ca-federal,2010-11,Integration Program,appropriation,969272822.51,1,"Immigration, Refugees and Citizenship Canada"
ca-federal,2011-12,Operating/Program,appropriation,45261517810.0,108,Veterans Review and Appeal Board
ca-federal,2011-12,Grants & Contributions,appropriation,30062886298.0,33,Social Sciences and Humanities Research Council
ca-federal,2011-12,Old Age Security payments (Old Age Security Act),appropriation,28868796840.0,1,Department of Employment and Social Development
ca-federal,2011-12,Interest on Unmatured Debt,appropriation,27881332474.0,1,Department of Finance
ca-federal,2011-12,Canada Health Transfer (Part V.1 - Federal-Provincial Fiscal Arrangements Act),appropriation,26941815102.0,1,Department of Finance
ca-federal,2011-12,Fiscal Equalization (Part I - Federal-Provincial Fiscal Arrangements Act),appropriation,14658570000.0,1,Department of Finance
ca-federal,2011-12,Canada Social Transfer (Part V.1 - Federal-Provincial Fiscal Arrangements Act),appropriation,11514064000.0,1,Department of Finance
ca-federal,2011-12,Guaranteed Income Supplement Payments (Old Age Security Act),appropriation,8638062109.0,1,Department of Employment and Social Development
ca-federal,2011-12,Internal Services,appropriation,8513838164.57,96,Women and Gender Equality Canada
ca-federal,2011-12,Payments to Crown Corps,appropriation,6423538084.0,27,VIA Rail Canada Inc.
ca-federal,2011-12,Capital,appropriation,5456085990.0,21,Shared Services Canada
ca-federal,2011-12,Contributions to employee benefit plans,appropriation,3479132992.42,105,Veterans Review and Appeal Board
ca-federal,2011-12,Land Readiness,appropriation,3226418286.01,1,National Defence
ca-federal,2011-12,Territorial Financing (Part I.1 - Federal-Provincial Fiscal Arrangements Act),appropriation,2876083006.0,1,Department of Finance
ca-federal,2011-12,Universal Child Care Benefit (Universal Child Care Benefit Act),appropriation,2691016827.0,1,Department of Employment and Social Development
ca-federal,2011-12,Equipment Acquisition and Disposal,appropriation,2342821411.33,1,National Defence
ca-federal,2011-12,Compensation and Financial Support,appropriation,2251539530.27,1,Veterans Affairs Canada
ca-federal,2011-12,Permanent and Flexible Infrastructure Funding,appropriation,2206190164.81,1,"Housing, Infrastructure and Communities Canada"
ca-federal,2011-12,Government-wide Funds and Public Service Employer Payments,appropriation,2186595248.19,1,Treasury Board of Canada Secretariat
ca-federal,2011-12,Treasury Board Central,appropriation,2186595248.0,1,Treasury Board Secretariat
ca-federal,2011-12,Joint and Common Readiness,appropriation,2123261938.29,1,National Defence
ca-federal,2011-12,Maritime Readiness,appropriation,2079632626.79,1,National Defence
ca-federal,2011-12,Accommodation Management and Real Property Services,appropriation,1945564841.11,1,Public Services and Procurement Canada
ca-federal,2011-12,Social Development,appropriation,1844153943.31,2,Employment and Social Development Canada
ca-federal,2011-12,"International Peace, Stability and Security",appropriation,1806671708.36,1,National Defence
ca-federal,2011-12,"(S) Old Age Security Payments (R.S.C., 1985, c. O-9)",transfer,28868796840.0,1,Department of Employment and Social Development
ca-federal,2011-12,(S) Canada Health Transfer (Part V.1—Federal-Provincial Fiscal Arrangements Act),transfer,26941815102.0,1,Department of Finance
ca-federal,2011-12,(S) Fiscal Equalization (Part I—Federal-Provincial Fiscal Arrangements Act),transfer,14658570000.0,1,Department of Finance
ca-federal,2011-12,(S) Canada Social Transfer (Part V.1—Federal-Provincial Fiscal Arrangements Act),transfer,11514064000.0,1,Department of Finance
ca-federal,2011-12,"(S) Guaranteed Income Supplement Payments (R.S.C., 1985, c. O-9)",transfer,8638062109.0,1,Department of Employment and Social Development
ca-federal,2011-12,(S) Territorial Financing (Part I.1—Federal-Provincial Fiscal Arrangements Act),transfer,2876083006.0,1,Department of Finance
ca-federal,2011-12,(S) Universal Child Care Benefit,transfer,2691016827.0,1,Department of Employment and Social Development
ca-federal,2011-12,Gas Tax Fund (Keeping Canada's Economy and Jobs Growing Act),transfer,2205848069.0,1,"Department of Housing, Infrastructure and Communities"
ca-federal,2011-12,"Grants for Multilateral Programming: Grants in support of development assistance, humanitarian assistance or disaster preparedness, for global operations, programs, projects, activities and appeals for the benefit of developing countries or territories or countries in transition",transfer,1962509222.0,1,Canadian International Development Agency
ca-federal,2011-12,"Pensions for disability and death, including pensions granted under the authority of the Civilian Government Employees (War) Compensation Order, P.C. 45/8848 of November 22, 1944, which shall be subject to the Pension Act; for former prisoners of war under the Pension Act, and Newfoundland special awards",transfer,1695057510.0,1,Department of Veterans Affairs
ca-federal,2011-12,"Payments to support Indians, Inuit and Innu for the purpose of supplying public services in social development",transfer,1652205120.0,1,Department of Crown-Indigenous Relations and Northern Affairs
ca-federal,2011-12,"Payments to support Indians, Inuit and Innu for the purpose of supplying public services in education",transfer,1631608789.0,1,Department of Crown-Indigenous Relations and Northern Affairs
ca-federal,2011-12,(S) Payments to Provinces for assistance with Sales Tax Harmonization,transfer,1560200000.0,1,Department of Finance
ca-federal,2011-12,Grants and Scholarships,transfer,1100100854.0,2,Social Sciences and Humanities Research Council
ca-federal,2011-12,"Payments to support Indians, Inuit and Innu for the purpose of supplying public services in capital facilities and maintenance",transfer,1061291273.0,1,Department of Crown-Indigenous Relations and Northern Affairs
ca-federal,2011-12,(S) Payments to the Newfoundland Offshore Petroleum Resource Revenue Fund (Canada-Newfoundland Atlantic Accord Implementation Act),transfer,1059753176.0,1,Department of Natural Resources
ca-federal,2011-12,(S) Additional fiscal equalization payment-Total transfer protection,transfer,952107000.0,1,Department of Finance
ca-federal,2011-12,Grants for research projects and personnel support,transfer,855711960.0,1,Canadian Institutes of Health Research
ca-federal,2011-12,Contributions under the Building Canada Fund Major Infrastructure Component,transfer,758518037.0,1,"Department of Housing, Infrastructure and Communities"
ca-federal,2011-12,"Contributions for Bilateral Programming: Contributions in support of development assistance, contributions for cooperation with countries in transition and contributions in support of regional or country specific development assistance programs, projects and activities for the benefit of developing countries or territories or countries in transition",transfer,739926150.0,1,Canadian International Development Agency
ca-federal,2011-12,Contributions for First Nations and Inuit Primary Health Care,transfer,698521456.0,1,Department of Health
ca-federal,2011-12,(S) Canada Education Savings grant payments to Registered Educations Savings Plan trustees on behalf of Registered Educations Savings Plan beneficiaries to encourage Canadians to save for post-secondary education for their children (Canada Education Savings Act),transfer,691542116.0,1,Department of Employment and Social Development
ca-federal,2011-12,(S) Canada Student Grants to qualifying full and part-time students pursuant to the Canada Student Financial Assistance Act,transfer,648936690.0,1,Department of Employment and Social Development
ca-federal,2011-12,Settlement Program,transfer,593693433.0,1,Department of Citizenship and Immigration
ca-federal,2011-12,"Payments to provinces, territories, municipalities, other public bodies, organizations, groups, communities, employers and individuals for the provision of training and/or work experience, the mobilization of community resources, and human resource planning and adjustment measures necessary for the efficient functioning of the Canadian labour market",transfer,587518725.0,1,Department of Employment and Social Development
ca-federal,2012-13,Operating/Program,appropriation,44737658483.0,108,Veterans Review and Appeal Board
ca-federal,2012-13,Old Age Security payments (Old Age Security Act),appropriation,30589905671.0,1,Department of Employment and Social Development
ca-federal,2012-13,Grants & Contributions,appropriation,29064090481.0,33,Social Sciences and Humanities Research Council
ca-federal,2012-13,Canada Health Transfer (Part V.1 - Federal-Provincial Fiscal Arrangements Act),appropriation,28568644223.0,1,Department of Finance
ca-federal,2012-13,Interest on Unmatured Debt,appropriation,16932094462.0,1,Department of Finance
ca-federal,2012-13,Fiscal Equalization (Part I - Federal-Provincial Fiscal Arrangements Act),appropriation,15422503000.0,1,Department of Finance
ca-federal,2012-13,Canada Social Transfer (Part V.1 - Federal-Provincial Fiscal Arrangements Act),appropriation,11859486000.0,1,Department of Finance
ca-federal,2012-13,Guaranteed Income Supplement Payments (Old Age Security Act),appropriation,9147435393.0,1,Department of Employment and Social Development
ca-federal,2012-13,Other Interest Costs,appropriation,9050112469.0,1,Department of Finance
ca-federal,2012-13,Internal Services,appropriation,7705315618.03,95,Women and Gender Equality Canada
ca-federal,2012-13,Payments to Crown Corps,appropriation,6104715931.0,27,VIA Rail Canada Inc.
ca-federal,2012-13,Capital,appropriation,5517373516.0,21,Shared Services Canada
ca-federal,2012-13,Contributions to employee benefit plans,appropriation,3441530364.0,104,Veterans Review and Appeal Board
ca-federal,2012-13,Land Readiness,appropriation,3209550161.18,1,National Defence
ca-federal,2012-13,Territorial Financing (Part I.1 - Federal-Provincial Fiscal Arrangements Act),appropriation,3110679940.0,1,Department of Finance
ca-federal,2012-13,Universal Child Care Benefit (Universal Child Care Benefit Act),appropriation,2724715150.0,1,Department of Employment and Social Development
ca-federal,2012-13,Equipment Acquisition and Disposal,appropriation,2209987289.95,1,National Defence
ca-federal,2012-13,Maritime Readiness,appropriation,2164330155.04,1,National Defence
ca-federal,2012-13,Disability and Death Compensation,appropriation,2131691497.42,1,Veterans Affairs Canada
ca-federal,2012-13,Joint and Common Readiness,appropriation,2105494396.14,1,National Defence
ca-federal,2012-13,Treasury Board Central,appropriation,2057349583.0,1,Treasury Board Secretariat
ca-federal,2012-13,Government-wide Funds and Public Service Employer Payments,appropriation,2057349582.81,1,Treasury Board of Canada Secretariat
ca-federal,2012-13,Accommodation Management and Real Property Services,appropriation,2009528607.11,1,Public Services and Procurement Canada
ca-federal,2012-13,Social Development,appropriation,1974070475.36,2,Employment and Social Development Canada
ca-federal,2012-13,Permanent and Flexible Infrastructure Funding,appropriation,1964862561.44,1,"Housing, Infrastructure and Communities Canada"
ca-federal,2012-13,"(S) Old Age Security Payments (R.S.C., 1985, c. O-9)",transfer,30589905671.0,1,Department of Employment and Social Development
ca-federal,2012-13,(S) Canada Health Transfer (Part V.1—Federal-Provincial Fiscal Arrangements Act),transfer,28568644223.0,1,Department of Finance
ca-federal,2012-13,(S) Fiscal Equalization (Part I—Federal-Provincial Fiscal Arrangements Act),transfer,15422503000.0,1,Department of Finance
ca-federal,2012-13,(S) Canada Social Transfer (Part V.1—Federal-Provincial Fiscal Arrangements Act),transfer,11859486000.0,1,Department of Finance
ca-federal,2012-13,"(S) Guaranteed Income Supplement Payments (R.S.C., 1985, c. O-9)",transfer,9147435393.0,1,Department of Employment and Social Development
ca-federal,2012-13,(S) Territorial Financing (Part I.1—Federal-Provincial Fiscal Arrangements Act),transfer,3110679940.0,1,Department of Finance
ca-federal,2012-13,(S) Universal Child Care Benefit,transfer,2724715150.0,1,Department of Employment and Social Development
ca-federal,2012-13,Gas Tax Fund (Keeping Canada's Economy and Jobs Growing Act),transfer,1964039431.0,1,"Department of Housing, Infrastructure and Communities"
ca-federal,2012-13,"Grants for Multilateral Programming: Grants in support of development assistance, humanitarian assistance or disaster preparedness, for global operations, programs, projects, activities and appeals for the benefit of developing countries or territories or countries in transition",transfer,1725090980.0,1,Canadian International Development Agency
ca-federal,2012-13,"Payments to support Indians, Inuit and Innu for the purpose of supplying public services in education",transfer,1696709703.0,1,Department of Crown-Indigenous Relations and Northern Affairs
ca-federal,2012-13,"Payments to support Indians, Inuit and Innu for the purpose of supplying public services in social development",transfer,1684260414.0,1,Department of Crown-Indigenous Relations and Northern Affairs
ca-federal,2012-13,"Pensions for disability and death, including pensions granted under the authority of the Civilian Government Employees (War) Compensation Order, P.C. 45/8848 of November 22, 1944, which shall be subject to the Pension Act; for former prisoners of war under the Pension Act, and Newfoundland special awards",transfer,1633836047.0,1,Department of Veterans Affairs
ca-federal,2012-13,Grants and Scholarships,transfer,1109901524.0,2,Social Sciences and Humanities Research Council
ca-federal,2012-13,"Payments to support Indians, Inuit and Innu for the purpose of supplying public services in capital facilities and maintenance",transfer,1040273035.0,1,Department of Crown-Indigenous Relations and Northern Affairs
ca-federal,2012-13,Contributions under the Building Canada Fund Major Infrastructure Component,transfer,919764212.0,1,"Department of Housing, Infrastructure and Communities"
ca-federal,2012-13,Grants for research projects and personnel support,transfer,852842284.0,1,Canadian Institutes of Health Research
ca-federal,2012-13,(S) Canada Education Savings grant payments to Registered Educations Savings Plan trustees on behalf of Registered Educations Savings Plan beneficiaries to encourage Canadians to save for post-secondary education for their children (Canada Education Savings Act),transfer,718888870.0,1,Department of Employment and Social Development
ca-federal,2012-13,Contributions for First Nations and Inuit Primary Health Care,transfer,700514841.0,1,Department of Health
ca-federal,2012-13,(S) Canada Student Grants to qualifying full and part-time students pursuant to the Canada Student Financial Assistance Act,transfer,680159050.0,1,Department of Employment and Social Development
ca-federal,2012-13,(S) Additional fiscal equalization payment-Total transfer protection,transfer,679660000.0,1,Department of Finance
ca-federal,2012-13,(S) Contribution payments for the AgriInsurance program (Farm Income Protection Act),transfer,677986995.0,1,Department of Agriculture and Agri-Food
ca-federal,2012-13,"Contributions for Bilateral Programming: Contributions in support of development assistance, contributions for cooperation with countries in transition and contributions in support of regional or country specific development assistance programs, projects and activities for the benefit of developing countries or territories or countries in transition",transfer,623710091.0,1,Canadian International Development Agency
ca-federal,2012-13,Settlement Program,transfer,585511769.0,1,Department of Citizenship and Immigration
ca-federal,2012-13,(S) Payments to the Newfoundland Offshore Petroleum Resource Revenue Fund (Canada-Newfoundland Atlantic Accord Implementation Act),transfer,566121270.0,1,Department of Natural Resources
ca-federal,2012-13,"Grants to First Nations to settle specific claims negotiated by Canada and/or awarded by the Specific Claims Tribunal, and to Indigenous groups to settle special claims",transfer,556500759.0,1,Department of Crown-Indigenous Relations and Northern Affairs
ca-federal,2013-14,Operating/Program,appropriation,43839504257.04,104,Veterans Review and Appeal Board
ca-federal,2013-14,Old Age Security payments (Old Age Security Act),appropriation,31911357696.0,1,Department of Employment and Social Development
ca-federal,2013-14,Canada Health Transfer (Part V.1 - Federal-Provincial Fiscal Arrangements Act),appropriation,30282900196.0,1,Department of Finance
ca-federal,2013-14,Grants & Contributions,appropriation,29325655131.63,32,Social Sciences and Humanities Research Council
ca-federal,2013-14,Interest on Unmatured Debt,appropriation,16427887249.0,1,Department of Finance
ca-federal,2013-14,Fiscal Equalization (Part I - Federal-Provincial Fiscal Arrangements Act),appropriation,16105194000.0,1,Department of Finance
ca-federal,2013-14,Canada Social Transfer (Part V.1 - Federal-Provincial Fiscal Arrangements Act),appropriation,12215271000.0,1,Department of Finance
ca-federal,2013-14,Guaranteed Income Supplement Payments (Old Age Security Act),appropriation,9372773071.0,1,Department of Employment and Social Development
ca-federal,2013-14,Other Interest Costs,appropriation,8583878921.0,1,Department of Finance
ca-federal,2013-14,Internal Services,appropriation,7333508847.3,91,Women and Gender Equality Canada
ca-federal,2013-14,Payments to Crown Corps,appropriation,6085275113.38,26,VIA Rail Canada Inc.
ca-federal,2013-14,Capital,appropriation,5435237808.69,21,Shared Services Canada
ca-federal,2013-14,Contributions to employee benefit plans,appropriation,3432306968.0,100,Veterans Review and Appeal Board
ca-federal,2013-14,Territorial Financing (Part I.1 - Federal-Provincial Fiscal Arrangements Act),appropriation,3288281700.0,1,Department of Finance
ca-federal,2013-14,Land Readiness,appropriation,2887518960.74,1,National Defence
ca-federal,2013-14,Universal Child Care Benefit (Universal Child Care Benefit Act),appropriation,2740095187.0,1,Department of Employment and Social Development
ca-federal,2013-14,Equipment Acquisition and Disposal,appropriation,2256426438.75,1,National Defence
ca-federal,2013-14,Treasury Board Central,appropriation,2186132708.0,1,Treasury Board Secretariat
ca-federal,2013-14,Government-wide Funds and Public Service Employer Payments,appropriation,2186132707.59,1,Treasury Board of Canada Secretariat
ca-federal,2013-14,Permanent and Flexible Infrastructure Funding,appropriation,2107629004.86,1,"Housing, Infrastructure and Communities Canada"
ca-federal,2013-14,Accommodation Management and Real Property Services,appropriation,2096990528.03,1,Public Services and Procurement Canada
ca-federal,2013-14,Disability and Death Compensation,appropriation,2090984122.36,1,Veterans Affairs Canada
ca-federal,2013-14,Joint and Common Readiness,appropriation,2027227671.72,1,National Defence
ca-federal,2013-14,Social Development,appropriation,1965718779.74,2,Employment and Social Development Canada
ca-federal,2013-14,Maritime Readiness,appropriation,1938812029.13,1,National Defence
ca-federal,2013-14,"(S) Old Age Security Payments (R.S.C., 1985, c. O-9)",transfer,31911357696.0,1,Department of Employment and Social Development
ca-federal,2013-14,(S) Canada Health Transfer (Part V.1—Federal-Provincial Fiscal Arrangements Act),transfer,30282900196.0,1,Department of Finance
ca-federal,2013-14,(S) Fiscal Equalization (Part I—Federal-Provincial Fiscal Arrangements Act),transfer,16105194000.0,1,Department of Finance
ca-federal,2013-14,(S) Canada Social Transfer (Part V.1—Federal-Provincial Fiscal Arrangements Act),transfer,12215271000.0,1,Department of Finance
ca-federal,2013-14,"(S) Guaranteed Income Supplement Payments (R.S.C., 1985, c. O-9)",transfer,9372773071.0,1,Department of Employment and Social Development
ca-federal,2013-14,(S) Territorial Financing (Part I.1—Federal-Provincial Fiscal Arrangements Act),transfer,3288281700.0,1,Department of Finance
ca-federal,2013-14,(S) Universal Child Care Benefit,transfer,2740095187.0,1,Department of Employment and Social Development
ca-federal,2013-14,Gas Tax Fund (Keeping Canada's Economy and Jobs Growing Act),transfer,2106864500.0,1,"Department of Housing, Infrastructure and Communities"
ca-federal,2013-14,"Payments to support Indians, Inuit and Innu for the purpose of supplying public services in education",transfer,1733575046.0,1,Department of Crown-Indigenous Relations and Northern Affairs
ca-federal,2013-14,"Payments to support Indians, Inuit and Innu for the purpose of supplying public services in social development",transfer,1695813973.0,1,Department of Crown-Indigenous Relations and Northern Affairs
ca-federal,2013-14,Grants from the International Development Assistance for Multilateral Programming,transfer,1641374818.0,1,"Department of Foreign Affairs, Trade and Development"
ca-federal,2013-14,"Pensions for disability and death, including pensions granted under the authority of the Civilian Government Employees (War) Compensation Order, P.C. 45/8848 of November 22, 1944, which shall be subject to the Pension Act; for former prisoners of war under the Pension Act, and Newfoundland special awards",transfer,1562918105.0,1,Department of Veterans Affairs
ca-federal,2013-14,(S) Payments to Provinces for assistance with Sales Tax Harmonization,transfer,1161200000.0,1,Department of Finance
ca-federal,2013-14,Grants and Scholarships,transfer,1092239432.0,2,Social Sciences and Humanities Research Council
ca-federal,2013-14,Contributions to the provinces for assistance related to natural disasters,transfer,1018988056.0,1,Department of Public Safety and Emergency Preparedness
ca-federal,2013-14,"Payments to support Indians, Inuit and Innu for the purpose of supplying public services in capital facilities and maintenance",transfer,1006657819.0,1,Department of Crown-Indigenous Relations and Northern Affairs
ca-federal,2013-14,Grants for research projects and personnel support,transfer,854080958.0,1,Canadian Institutes of Health Research
ca-federal,2013-14,(S) Canada Education Savings grant payments to Registered Educations Savings Plan trustees on behalf of Registered Educations Savings Plan beneficiaries to encourage Canadians to save for post-secondary education for their children (Canada Education Savings Act),transfer,760199839.0,1,Department of Employment and Social Development
ca-federal,2013-14,(S) Contribution payments for the AgriInsurance program (Farm Income Protection Act),transfer,750830429.0,1,Department of Agriculture and Agri-Food
ca-federal,2013-14,(S) Payments to the Newfoundland Offshore Petroleum Resource Revenue Fund (Canada-Newfoundland Atlantic Accord Implementation Act),transfer,731533986.0,1,Department of Natural Resources
ca-federal,2013-14,(S) Canada Student Grants to qualifying full and part-time students pursuant to the Canada Student Financial Assistance Act,transfer,725360274.0,1,Department of Employment and Social Development
ca-federal,2013-14,Contributions under the Building Canada Fund Major Infrastructure Component,transfer,692803945.0,1,"Department of Housing, Infrastructure and Communities"
ca-federal,2013-14,Contributions for First Nations and Inuit Primary Health Care,transfer,675173550.0,1,Department of Health
ca-federal,2013-14,Contributions from the International Development Assistance for Bilateral Programming to support regional or country specific,transfer,578106558.0,1,"Department of Foreign Affairs, Trade and Development"
ca-federal,2013-14,Settlement Program,transfer,572212198.0,1,Department of Citizenship and Immigration
ca-federal,2014-15,Operating/Program,appropriation,42915337844.91,103,Veterans Review and Appeal Board
ca-federal,2014-15,Old Age Security payments (Old Age Security Act),appropriation,33535507278.0,1,Department of Employment and Social Development
ca-federal,2014-15,Canada Health Transfer (Part V.1 - Federal-Provincial Fiscal Arrangements Act),appropriation,32114006363.0,1,Department of Finance
ca-federal,2014-15,Grants & Contributions,appropriation,26184605914.0,31,Social Sciences and Humanities Research Council
ca-federal,2014-15,Fiscal Equalization (Part I - Federal-Provincial Fiscal Arrangements Act),appropriation,16669278000.0,1,Department of Finance
ca-federal,2014-15,Interest on Unmatured Debt,appropriation,15351976738.0,1,Department of Finance
ca-federal,2014-15,Canada Social Transfer (Part V.1 - Federal-Provincial Fiscal Arrangements Act),appropriation,12581729000.0,1,Department of Finance
ca-federal,2014-15,Defence Capability Element Production,appropriation,11671185254.57,1,National Defence
ca-federal,2014-15,Guaranteed Income Supplement Payments (Old Age Security Act),appropriation,10066152466.0,1,Department of Employment and Social Development
ca-federal,2014-15,Other Interest Costs,appropriation,8136044563.0,1,Department of Finance
ca-federal,2014-15,Internal Services,appropriation,6521701913.68,91,Women and Gender Equality Canada
ca-federal,2014-15,Capital,appropriation,6351906428.0,21,Shared Services Canada
ca-federal,2014-15,Payments to Crown Corps,appropriation,5962255339.35,26,Windsor-Detroit Bridge Authority
ca-federal,2014-15,Territorial Financing (Part I.1 - Federal-Provincial Fiscal Arrangements Act),appropriation,3469215474.0,1,Department of Finance
ca-federal,2014-15,Contributions to employee benefit plans,appropriation,3287049524.0,100,Veterans Review and Appeal Board
ca-federal,2014-15,Defence Ready Force Element Production,appropriation,2792141523.67,1,National Defence
ca-federal,2014-15,Universal Child Care Benefit (Universal Child Care Benefit Act),appropriation,2738493220.0,1,Department of Employment and Social Development
ca-federal,2014-15,Government-wide Funds and Public Service Employer Payments,appropriation,2454311704.06,1,Treasury Board of Canada Secretariat
ca-federal,2014-15,Treasury Board Central,appropriation,2454311704.0,1,Treasury Board Secretariat
ca-federal,2014-15,Disability and Death Compensation,appropriation,2010146898.99,1,Veterans Affairs Canada
ca-federal,2014-15,Accommodation Management and Real Property Services,appropriation,1997687833.61,1,Public Services and Procurement Canada
ca-federal,2014-15,Contributions related to the Canada Community-Building Fund (Keeping Canada's Economy and Jobs Growing Act),appropriation,1973269432.0,1,"Department of Housing, Infrastructure and Communities"
ca-federal,2014-15,Social Development,appropriation,1928451741.5,2,Employment and Social Development Canada
ca-federal,2014-15,Education,appropriation,1785450456.0,1,Crown-Indigenous Relations and Northern Affairs Canada
ca-federal,2014-15,Funding Under Long-Term Commitments for Existing Social Housing,appropriation,1646446541.42,1,Canada Mortgage and Housing Corporation
ca-federal,2014-15,"(S) Old Age Security Payments (R.S.C., 1985, c. O-9)",transfer,33535507278.0,1,Department of Employment and Social Development
ca-federal,2014-15,(S) Canada Health Transfer (Part V.1—Federal-Provincial Fiscal Arrangements Act),transfer,32114006363.0,1,Department of Finance
ca-federal,2014-15,(S) Fiscal Equalization (Part I—Federal-Provincial Fiscal Arrangements Act),transfer,16669278000.0,1,Department of Finance
ca-federal,2014-15,(S) Canada Social Transfer (Part V.1—Federal-Provincial Fiscal Arrangements Act),transfer,12581729000.0,1,Department of Finance
ca-federal,2014-15,"(S) Guaranteed Income Supplement Payments (R.S.C., 1985, c. O-9)",transfer,10066152466.0,1,Department of Employment and Social Development
ca-federal,2014-15,(S) Territorial Financing (Part I.1—Federal-Provincial Fiscal Arrangements Act),transfer,3469215474.0,1,Department of Finance
ca-federal,2014-15,(S) Universal Child Care Benefit,transfer,2738493220.0,1,Department of Employment and Social Development
ca-federal,2014-15,(S) Gas Tax Fund (Keeping Canada's Economy and Jobs Growing Act),transfer,1973269432.0,1,"Department of Housing, Infrastructure and Communities"
ca-federal,2014-15,Grants from the International Development Assistance for Multilateral Programming,transfer,1894318521.0,1,"Department of Foreign Affairs, Trade and Development"
ca-federal,2014-15,"Pensions for disability and death, including pensions granted under the authority of the Civilian Government Employees (War) Compensation Order, P.C. 45/8848 of November 22, 1944, which shall be subject to the Pension Act; for former prisoners of war under the Pension Act, and Newfoundland special awards",transfer,1473364776.0,1,Department of Veterans Affairs
ca-federal,2014-15,Contributions to support First Nations Elementary and Secondary Educational Advancement,transfer,1370659613.0,1,Department of Crown-Indigenous Relations and Northern Affairs
ca-federal,2014-15,Grants and Scholarships,transfer,1114940759.0,2,Social Sciences and Humanities Research Council
ca-federal,2014-15,Contributions to support the construction and maintenance of community infrastructure,transfer,1103841614.0,1,Department of Crown-Indigenous Relations and Northern Affairs
ca-federal,2014-15,Contributions to provide income support to on-reserve residents,transfer,991939516.0,1,Department of Crown-Indigenous Relations and Northern Affairs
ca-federal,2014-15,(S) Payments to International Development Association (Bretton Woods and Related Agreements Act),transfer,883220000.0,1,Department of Finance
ca-federal,2014-15,Grants for research projects and personnel support,transfer,870277008.0,1,Canadian Institutes of Health Research
ca-federal,2014-15,(S) Canada Education Savings grant payments to Registered Educations Savings Plan trustees on behalf of Registered Educations Savings Plan beneficiaries to encourage Canadians to save for post-secondary education for their children (Canada Education Savings Act),transfer,781081862.0,1,Department of Employment and Social Development
ca-federal,2014-15,(S) Payments to the Newfoundland Offshore Petroleum Resource Revenue Fund (Canada-Newfoundland Atlantic Accord Implementation Act),transfer,751940157.0,1,Department of Natural Resources
ca-federal,2014-15,Contributions from the International Development Assistance for Bilateral Programming to support regional or country specific,transfer,717584838.0,1,"Department of Foreign Affairs, Trade and Development"
ca-federal,2014-15,(S) Canada Student Grants to qualifying full and part-time students pursuant to the Canada Student Financial Assistance Act,transfer,706839634.0,1,Department of Employment and Social Development
ca-federal,2014-15,"Contributions to provide women, children and families with Protection and Prevention Services",transfer,678553838.0,1,Department of Crown-Indigenous Relations and Northern Affairs
ca-federal,2014-15,Contributions for First Nations and Inuit Primary Health Care,transfer,641124657.0,1,Department of Health
ca-federal,2014-15,Contributions for First Nations and Inuit Health Infrastructure Support,transfer,611949625.0,1,Department of Health
ca-federal,2014-15,(S) Contribution payments for the AgriInsurance program (Farm Income Protection Act),transfer,610882404.0,1,Department of Agriculture and Agri-Food
ca-federal,2014-15,Settlement Program,transfer,575736724.0,1,Department of Citizenship and Immigration
ca-federal,2015-16,Operating/Program,appropriation,42723013965.0,95,Veterans Review and Appeal Board
ca-federal,2015-16,Old Age Security payments (Old Age Security Act),appropriation,35050472599.0,1,Department of Employment and Social Development
ca-federal,2015-16,Canada Health Transfer (Part V.1 - Federal-Provincial Fiscal Arrangements Act),appropriation,34024617855.0,1,Department of Finance
ca-federal,2015-16,Grants & Contributions,appropriation,26621039443.0,32,Social Sciences and Humanities Research Council
ca-federal,2015-16,Fiscal Equalization (Part I - Federal-Provincial Fiscal Arrangements Act),appropriation,17341310000.0,1,Department of Finance
ca-federal,2015-16,Interest on Unmatured Debt,appropriation,15101078440.0,1,Department of Finance
ca-federal,2015-16,Canada Social Transfer (Part V.1 - Federal-Provincial Fiscal Arrangements Act),appropriation,12959181000.0,1,Department of Finance
ca-federal,2015-16,Defence Capability Element Production,appropriation,11789355550.97,1,National Defence
ca-federal,2015-16,Guaranteed Income Supplement Payments (Old Age Security Act),appropriation,9921659952.0,1,Department of Employment and Social Development
ca-federal,2015-16,Universal Child Care Benefit (Universal Child Care Benefit Act),appropriation,8758825034.0,1,Department of Employment and Social Development
ca-federal,2015-16,Other Interest Costs,appropriation,7543413434.0,1,Department of Finance
ca-federal,2015-16,Capital,appropriation,6677963114.0,22,Shared Services Canada
ca-federal,2015-16,Internal Services,appropriation,6286163206.05,83,Women and Gender Equality Canada
ca-federal,2015-16,Payments to Crown Corps,appropriation,6284451754.0,25,Windsor-Detroit Bridge Authority
ca-federal,2015-16,Territorial Financing (Part I.1 - Federal-Provincial Fiscal Arrangements Act),appropriation,3561034002.0,1,Department of Finance
ca-federal,2015-16,Contributions to employee benefit plans,appropriation,3175820493.0,92,Veterans Review and Appeal Board
ca-federal,2015-16,Defence Ready Force Element Production,appropriation,2909930085.92,1,National Defence
ca-federal,2015-16,Treasury Board Central,appropriation,2690624377.0,1,Treasury Board Secretariat
ca-federal,2015-16,Government-wide Funds and Public Service Employer Payments,appropriation,2690624376.66,1,Treasury Board of Canada Secretariat
ca-federal,2015-16,International Development,appropriation,2156054871.95,1,Global Affairs Canada
ca-federal,2015-16,Disability and Death Compensation,appropriation,2135889887.68,1,Veterans Affairs Canada
ca-federal,2015-16,Accommodation Management and Real Property Services,appropriation,2107596766.64,1,Public Services and Procurement Canada
ca-federal,2015-16,Contributions related to the Canada Community-Building Fund (Keeping Canada's Economy and Jobs Growing Act),appropriation,1973269432.0,1,"Department of Housing, Infrastructure and Communities"
ca-federal,2015-16,Social Development,appropriation,1964250249.7,2,Employment and Social Development Canada
ca-federal,2015-16,Education,appropriation,1801813581.59,1,Crown-Indigenous Relations and Northern Affairs Canada
ca-federal,2015-16,"(S) Old Age Security Payments (R.S.C., 1985, c. O-9)",transfer,35050472599.0,1,Department of Employment and Social Development
ca-federal,2015-16,(S) Canada Health Transfer (Part V.1—Federal-Provincial Fiscal Arrangements Act),transfer,34024617855.0,1,Department of Finance
ca-federal,2015-16,(S) Fiscal Equalization (Part I—Federal-Provincial Fiscal Arrangements Act),transfer,17341310000.0,1,Department of Finance
ca-federal,2015-16,(S) Canada Social Transfer (Part V.1—Federal-Provincial Fiscal Arrangements Act),transfer,12959181000.0,1,Department of Finance
ca-federal,2015-16,"(S) Guaranteed Income Supplement Payments (R.S.C., 1985, c. O-9)",transfer,9921659952.0,1,Department of Employment and Social Development
ca-federal,2015-16,(S) Universal Child Care Benefit,transfer,8758825034.0,1,Department of Employment and Social Development
ca-federal,2015-16,(S) Territorial Financing (Part I.1—Federal-Provincial Fiscal Arrangements Act),transfer,3561034002.0,1,Department of Finance
ca-federal,2015-16,(S) Gas Tax Fund (Keeping Canada's Economy and Jobs Growing Act),transfer,1973269432.0,1,"Department of Housing, Infrastructure and Communities"
ca-federal,2015-16,Grants from the International Development Assistance for Multilateral Programming,transfer,1940967993.0,1,"Department of Foreign Affairs, Trade and Development"
ca-federal,2015-16,"Pensions for disability and death, including pensions granted under the authority of the Civilian Government Employees (War) Compensation Order, P.C. 45/8848 of November 22, 1944, which shall be subject to the Pension Act; for former prisoners of war under the Pension Act, and Newfoundland special awards",transfer,1404329502.0,1,Department of Veterans Affairs
ca-federal,2015-16,Contributions to support First Nations Elementary and Secondary Educational Advancement,transfer,1399815020.0,1,Department of Crown-Indigenous Relations and Northern Affairs
ca-federal,2015-16,Contributions to support the construction and maintenance of community infrastructure,transfer,1124511157.0,1,Department of Crown-Indigenous Relations and Northern Affairs
ca-federal,2015-16,Grants and Scholarships,transfer,1115323404.0,2,Social Sciences and Humanities Research Council
ca-federal,2015-16,Contributions to provide income support to on-reserve residents,transfer,1032502927.0,1,Department of Crown-Indigenous Relations and Northern Affairs
ca-federal,2015-16,Grants for research projects and personnel support,transfer,867669698.0,1,Canadian Institutes of Health Research
ca-federal,2015-16,(S) Canada Education Savings grant payments to Registered Educations Savings Plan trustees on behalf of Registered Educations Savings Plan beneficiaries to encourage Canadians to save for post-secondary education for their children (Canada Education Savings Act),transfer,820635620.0,1,Department of Employment and Social Development
ca-federal,2015-16,(S) Canada Student Grants to qualifying full and part-time students pursuant to the Canada Student Financial Assistance Act,transfer,713927230.0,1,Department of Employment and Social Development
ca-federal,2015-16,"Contributions to provide women, children and families with Protection and Prevention Services",transfer,708789784.0,1,Department of Crown-Indigenous Relations and Northern Affairs
ca-federal,2015-16,Contributions from the International Development Assistance for Bilateral Programming to support regional or country specific,transfer,704536880.0,1,"Department of Foreign Affairs, Trade and Development"
ca-federal,2015-16,Contributions under the Building Canada Fund Major Infrastructure Component,transfer,701022158.0,1,"Department of Housing, Infrastructure and Communities"
ca-federal,2015-16,Disability Awards and Allowances,transfer,659960662.0,1,Department of Veterans Affairs
ca-federal,2015-16,Contributions for First Nations and Inuit Primary Health Care,transfer,659852641.0,1,Department of Health
ca-federal,2015-16,Contributions for First Nations and Inuit Health Infrastructure Support,transfer,637662686.0,1,Department of Health
ca-federal,2015-16,(S) Contribution payments for the AgriInsurance program (Farm Income Protection Act),transfer,604148826.0,1,Department of Agriculture and Agri-Food
ca-federal,2015-16,Settlement Program,transfer,578437254.0,1,Department of Citizenship and Immigration
ca-federal,2016-17,Operating/Program,appropriation,44283789255.0,94,Veterans Review and Appeal Board
ca-federal,2016-17,Old Age Security payments (Old Age Security Act),appropriation,36749167282.0,1,Department of Employment and Social Development
ca-federal,2016-17,Canada Health Transfer (Part V.1 - Federal-Provincial Fiscal Arrangements Act),appropriation,36057581263.0,1,Department of Finance
ca-federal,2016-17,Grants & Contributions,appropriation,31034822635.0,30,Social Sciences and Humanities Research Council
ca-federal,2016-17,Fiscal Equalization (Part I - Federal-Provincial Fiscal Arrangements Act),appropriation,17880415000.0,1,Department of Finance
ca-federal,2016-17,Interest on Unmatured Debt,appropriation,14138650586.0,1,Department of Finance
ca-federal,2016-17,Canada Social Transfer (Part V.1 - Federal-Provincial Fiscal Arrangements Act),appropriation,13347956000.0,1,Department of Finance
ca-federal,2016-17,Defence Capability Element Production,appropriation,11683195786.6,1,National Defence
ca-federal,2016-17,Guaranteed Income Supplement Payments (Old Age Security Act),appropriation,10922423837.0,1,Department of Employment and Social Development
ca-federal,2016-17,Payments to Crown Corps,appropriation,7999712056.0,25,Windsor-Detroit Bridge Authority
ca-federal,2016-17,Other Interest Costs,appropriation,7027348310.0,1,Department of Finance
ca-federal,2016-17,Capital,appropriation,6828577619.0,23,Shared Services Canada
ca-federal,2016-17,Internal Services,appropriation,6681023327.84,82,Women and Gender Equality Canada
ca-federal,2016-17,Territorial Financing (Part I.1 - Federal-Provincial Fiscal Arrangements Act),appropriation,3602979726.0,1,Department of Finance
ca-federal,2016-17,Contributions to employee benefit plans,appropriation,3114277976.0,91,Veterans Review and Appeal Board
ca-federal,2016-17,Defence Ready Force Element Production,appropriation,2981299581.27,1,National Defence
ca-federal,2016-17,Accommodation Management and Real Property Services,appropriation,2446368347.57,1,Public Services and Procurement Canada
ca-federal,2016-17,Government-wide Funds and Public Service Employer Payments,appropriation,2406697551.07,1,Treasury Board of Canada Secretariat
ca-federal,2016-17,Treasury Board Central,appropriation,2406697551.0,1,Treasury Board Secretariat
ca-federal,2016-17,International Development,appropriation,2238575814.64,1,Global Affairs Canada
ca-federal,2016-17,Education,appropriation,2141964841.44,1,Crown-Indigenous Relations and Northern Affairs Canada
ca-federal,2016-17,Social Development,appropriation,2138921580.31,2,Employment and Social Development Canada
ca-federal,2016-17,Disability and Death Compensation,appropriation,2100199639.43,1,Veterans Affairs Canada
ca-federal,2016-17,Contributions related to the Canada Community-Building Fund (Keeping Canada's Economy and Jobs Growing Act),appropriation,2071932904.0,1,"Department of Housing, Infrastructure and Communities"
ca-federal,2016-17,Universal Child Care Benefit (Universal Child Care Benefit Act),appropriation,1976071992.0,1,Department of Employment and Social Development
ca-federal,2016-17,"(S) Old Age Security Payments (R.S.C., 1985, c. O-9)",transfer,36749167282.0,1,Department of Employment and Social Development
ca-federal,2016-17,(S) Canada Health Transfer (Part V.1—Federal-Provincial Fiscal Arrangements Act),transfer,36057581263.0,1,Department of Finance
ca-federal,2016-17,(S) Fiscal Equalization (Part I—Federal-Provincial Fiscal Arrangements Act),transfer,17880415000.0,1,Department of Finance
ca-federal,2016-17,(S) Canada Social Transfer (Part V.1—Federal-Provincial Fiscal Arrangements Act),transfer,13347956000.0,1,Department of Finance
ca-federal,2016-17,"(S) Guaranteed Income Supplement Payments (R.S.C., 1985, c. O-9)",transfer,10922423837.0,1,Department of Employment and Social Development
ca-federal,2016-17,(S) Territorial Financing (Part I.1—Federal-Provincial Fiscal Arrangements Act),transfer,3602979726.0,1,Department of Finance
ca-federal,2016-17,(S) Gas Tax Fund (Keeping Canada's Economy and Jobs Growing Act),transfer,2071932904.0,1,"Department of Housing, Infrastructure and Communities"
ca-federal,2016-17,(S) Universal Child Care Benefit,transfer,1976071992.0,1,Department of Employment and Social Development
ca-federal,2016-17,Grants from the International Development Assistance for Multilateral Programming,transfer,1925888917.0,1,"Department of Foreign Affairs, Trade and Development"
ca-federal,2016-17,Contributions to support the construction and maintenance of community infrastructure,transfer,1702422689.0,1,Department of Crown-Indigenous Relations and Northern Affairs
ca-federal,2016-17,Contributions to support First Nations Elementary and Secondary Educational Advancement,transfer,1680325427.0,1,Department of Crown-Indigenous Relations and Northern Affairs
ca-federal,2016-17,"Pensions for disability and death, including pensions granted under the authority of the Civilian Government Employees (War) Compensation Order, P.C. 45/8848 of November 22, 1944, which shall be subject to the Pension Act; for former prisoners of war under the Pension Act, and Newfoundland special awards",transfer,1331052207.0,1,Department of Veterans Affairs
ca-federal,2016-17,Grants and Scholarships,transfer,1173385428.0,2,Social Sciences and Humanities Research Council
ca-federal,2016-17,Contributions to provide income support to on-reserve residents,transfer,1055905261.0,1,Department of Crown-Indigenous Relations and Northern Affairs
ca-federal,2016-17,(S) Canada Student Grants to qualifying full and part-time students pursuant to the Canada Student Financial Assistance Act,transfer,974571302.0,1,Department of Employment and Social Development
ca-federal,2016-17,Grants for research projects and personnel support,transfer,910868003.0,1,Canadian Institutes of Health Research
ca-federal,2016-17,(S) Canada Education Savings grant payments to Registered Educations Savings Plan trustees on behalf of Registered Educations Savings Plan beneficiaries to encourage Canadians to save for post-secondary education for their children (Canada Education Savings Act),transfer,858638013.0,1,Department of Employment and Social Development
ca-federal,2016-17,"Contributions to provide women, children and families with Protection and Prevention Services",transfer,799489207.0,1,Department of Crown-Indigenous Relations and Northern Affairs
ca-federal,2016-17,Contributions for First Nations and Inuit Health Infrastructure Support,transfer,752135571.0,1,Department of Health
ca-federal,2016-17,Contributions under the Post-Secondary Institutions Strategic Investment Fund,transfer,740926765.0,1,Department of Industry
ca-federal,2016-17,Contributions from the International Development Assistance for Bilateral Programming to support regional or country specific,transfer,715950024.0,1,"Department of Foreign Affairs, Trade and Development"
ca-federal,2016-17,Contributions to the provinces for assistance related to natural disasters,transfer,712717054.0,1,Department of Public Safety and Emergency Preparedness
ca-federal,2016-17,"Payments to provinces, territories, municipalities, other public bodies, organizations, groups, communities, employers and individuals for the provision of training and/or work experience, the mobilization of community resources, and human resource planning and adjustment measures necessary for the efficient functioning of the Canadian labour market",transfer,703952348.0,1,Department of Employment and Social Development
ca-federal,2016-17,(S) Contribution payments for the AgriInsurance program (Farm Income Protection Act),transfer,701496004.0,1,Department of Agriculture and Agri-Food
ca-federal,2016-17,Disability Awards and Allowances,transfer,699964297.0,1,Department of Veterans Affairs
ca-federal,2017-18,Operating/Program,appropriation,48540844589.0,98,Veterans Review and Appeal Board
ca-federal,2017-18,Old Age Security payments (Old Age Security Act),appropriation,38409875246.99,1,Department of Employment and Social Development
ca-federal,2017-18,Canada Health Transfer (Part V.1 - Federal-Provincial Fiscal Arrangements Act),appropriation,37123933953.0,1,Department of Finance
ca-federal,2017-18,Grants & Contributions,appropriation,36076599578.0,31,Social Sciences and Humanities Research Council
ca-federal,2017-18,Fiscal Equalization (Part I - Federal-Provincial Fiscal Arrangements Act),appropriation,18253657000.0,1,Department of Finance
ca-federal,2017-18,Interest on Unmatured Debt,appropriation,14228824026.09,1,Department of Finance
ca-federal,2017-18,Canada Social Transfer (Part V.1 - Federal-Provincial Fiscal Arrangements Act),appropriation,13748395000.0,1,Department of Finance
ca-federal,2017-18,Defence Capability Element Production,appropriation,13358102884.99,1,National Defence
ca-federal,2017-18,Guaranteed Income Supplement Payments (Old Age Security Act),appropriation,11658538967.84,1,Department of Employment and Social Development
ca-federal,2017-18,Capital,appropriation,8124734295.0,24,Shared Services Canada
ca-federal,2017-18,Payments to Crown Corps,appropriation,7554737743.0,24,Windsor-Detroit Bridge Authority
ca-federal,2017-18,Internal Services,appropriation,7099038947.53,84,Women and Gender Equality Canada
ca-federal,2017-18,Other Interest Costs,appropriation,6609473703.96,1,Department of Finance
ca-federal,2017-18,Territorial Financing (Part I.1 - Federal-Provincial Fiscal Arrangements Act),appropriation,3681830727.0,1,Department of Finance
ca-federal,2017-18,Defence Ready Force Element Production,appropriation,3353549286.12,1,National Defence
ca-federal,2017-18,Contributions to employee benefit plans,appropriation,3187380559.78,93,Veterans Review and Appeal Board
ca-federal,2017-18,Treasury Board Central,appropriation,3164665468.0,1,Treasury Board Secretariat
ca-federal,2017-18,Public Service Employer Payments,appropriation,3164665460.31,1,Treasury Board of Canada Secretariat
ca-federal,2017-18,Contributions to employee benefit plans (Members of the Military),appropriation,3150988815.97,1,Department of National Defence
ca-federal,2017-18,Disability and Death Compensation,appropriation,2953161015.53,1,Veterans Affairs Canada
ca-federal,2017-18,Accommodation Management and Real Property Services,appropriation,2721933047.49,1,Public Services and Procurement Canada
ca-federal,2017-18,Social Development,appropriation,2651745339.42,3,Employment and Social Development Canada
ca-federal,2017-18,International Development,appropriation,2383668721.33,1,Global Affairs Canada
ca-federal,2017-18,Education,appropriation,2295244893.22,2,Department of Indigenous Services
ca-federal,2017-18,Infrastructure and Capacity,appropriation,2163929244.61,2,Department of Indigenous Services
ca-federal,2017-18,"(S) Old Age Security Payments (R.S.C., 1985, c. O-9)",transfer,38409875247.0,1,Department of Employment and Social Development
ca-federal,2017-18,(S) Canada Health Transfer (Part V.1—Federal-Provincial Fiscal Arrangements Act),transfer,37123933953.0,1,Department of Finance
ca-federal,2017-18,(S) Fiscal Equalization (Part I—Federal-Provincial Fiscal Arrangements Act),transfer,18253657000.0,1,Department of Finance
ca-federal,2017-18,(S) Canada Social Transfer (Part V.1—Federal-Provincial Fiscal Arrangements Act),transfer,13748395000.0,1,Department of Finance
ca-federal,2017-18,"(S) Guaranteed Income Supplement Payments (R.S.C., 1985, c. O-9)",transfer,11658538968.0,1,Department of Employment and Social Development
ca-federal,2017-18,(S) Territorial Financing (Part I.1—Federal-Provincial Fiscal Arrangements Act),transfer,3681830727.0,1,Department of Finance
ca-federal,2017-18,(S) Gas Tax Fund (Keeping Canada's Economy and Jobs Growing Act),transfer,2071932904.0,1,"Department of Housing, Infrastructure and Communities"
ca-federal,2017-18,Grants from the International Development Assistance for Multilateral Programming,transfer,2065734193.0,1,"Department of Foreign Affairs, Trade and Development"
ca-federal,2017-18,Contributions to support the construction and maintenance of community infrastructure,transfer,2038437046.0,2,Department of Indigenous Services
ca-federal,2017-18,Contributions to support First Nations Elementary and Secondary Educational Advancement,transfer,1786108412.0,2,Department of Indigenous Services
ca-federal,2017-18,Disability Awards and Allowances,transfer,1621406562.0,1,Department of Veterans Affairs
ca-federal,2017-18,(S) Canada Student Grants to qualifying full and part-time students pursuant to the Canada Student Financial Assistance Act,transfer,1322960043.0,1,Department of Employment and Social Development
ca-federal,2017-18,"Grants to First Nations to settle specific claims negotiated by Canada and/or awarded by the Specific Claims Tribunal, and to Indigenous groups to settle special claims",transfer,1297921874.0,1,Department of Crown-Indigenous Relations and Northern Affairs
ca-federal,2017-18,"Pensions for disability and death, including pensions granted under the authority of the Civilian Government Employees (War) Compensation Order, P.C. 45/8848 of November 22, 1944, which shall be subject to the Pension Act; for former prisoners of war under the Pension Act, and Newfoundland special awards",transfer,1261223444.0,1,Department of Veterans Affairs
ca-federal,2017-18,Grants and Scholarships,transfer,1171297748.0,2,Social Sciences and Humanities Research Council
ca-federal,2017-18,Grants for research projects and personnel support,transfer,911875155.0,1,Canadian Institutes of Health Research
ca-federal,2017-18,(S) Canada Education Savings grant payments to Registered Educations Savings Plan trustees on behalf of Registered Educations Savings Plan beneficiaries to encourage Canadians to save for post-secondary education for their children (Canada Education Savings Act),transfer,899290584.0,1,Department of Employment and Social Development
ca-federal,2017-18,Contributions for First Nations and Inuit Primary Health Care,transfer,866623981.0,2,Department of Indigenous Services
ca-federal,2017-18,Contributions for First Nations and Inuit Health Infrastructure Support,transfer,810760935.0,2,Department of Indigenous Services
ca-federal,2017-18,Contributions from the International Development Assistance for Bilateral Programming to support regional or country specific,transfer,789877287.0,1,"Department of Foreign Affairs, Trade and Development"
ca-federal,2017-18,"Payments to provinces, territories, municipalities, other public bodies, organizations, groups, communities, employers and individuals for the provision of training and/or work experience, the mobilization of community resources, and human resource planning and adjustment measures necessary for the efficient functioning of the Canadian labour market",transfer,786927415.0,1,Department of Employment and Social Development
ca-federal,2017-18,Contributions under the Post-Secondary Institutions Strategic Investment Fund,transfer,731759904.0,1,Department of Industry
ca-federal,2017-18,Contributions to provide income support to on-reserve residents,transfer,715698725.0,1,Department of Crown-Indigenous Relations and Northern Affairs
ca-federal,2017-18,Settlement Program,transfer,714482559.0,1,Department of Citizenship and Immigration
ca-federal,2017-18,Grants to implement comprehensive land claims and self-government agreements and other agreements to address Section 35 Rights,transfer,707993767.0,1,Department of Crown-Indigenous Relations and Northern Affairs
ca-federal,2018-19,Operating/Program,appropriation,50638232596.98,99,Veterans Review and Appeal Board
ca-federal,2018-19,Grants & Contributions,appropriation,40771898941.0,31,Social Sciences and Humanities Research Council
ca-federal,2018-19,Old Age Security payments (Old Age Security Act),appropriation,40424123826.0,1,Department of Employment and Social Development
ca-federal,2018-19,Canada Health Transfer (Part V.1 - Federal-Provincial Fiscal Arrangements Act),appropriation,38567524392.0,1,Department of Finance
ca-federal,2018-19,Fiscal Equalization (Part I - Federal-Provincial Fiscal Arrangements Act),appropriation,18958259000.0,1,Department of Finance
ca-federal,2018-19,Interest on Unmatured Debt,appropriation,15937172746.0,1,Department of Finance
ca-federal,2018-19,Canada Social Transfer (Part V.1 - Federal-Provincial Fiscal Arrangements Act),appropriation,14160847000.0,1,Department of Finance
ca-federal,2018-19,Guaranteed Income Supplement Payments (Old Age Security Act),appropriation,12404699571.0,1,Department of Employment and Social Development
ca-federal,2018-19,Capital,appropriation,8321331807.0,24,Shared Services Canada
ca-federal,2018-19,Payments to Crown Corps,appropriation,7105719304.0,23,Windsor-Detroit Bridge Authority
ca-federal,2018-19,Other Interest Costs,appropriation,6306704163.0,1,Department of Finance
ca-federal,2018-19,Internal Services,appropriation,3911847392.77,73,Women and Gender Equality Canada
ca-federal,2018-19,Territorial Financing (Part I.1 - Federal-Provincial Fiscal Arrangements Act),appropriation,3785321565.0,1,Department of Finance
ca-federal,2018-19,Contributions to employee benefit plans,appropriation,3417288569.0,95,Veterans Review and Appeal Board
ca-federal,2018-19,Equipment Support,appropriation,3164438291.45,1,National Defence
ca-federal,2018-19,Employer contributions made under the Public Service Superannuation Act and other retirement acts and the Employment Insurance Act,appropriation,3107000000.0,1,Treasury Board Secretariat
ca-federal,2018-19,Treasury Board Central,appropriation,2739639374.0,1,Treasury Board Secretariat
ca-federal,2018-19,Public Service Employer Payments,appropriation,2739639373.51,1,Treasury Board of Canada Secretariat
ca-federal,2018-19,Organize Leaders’ Debates for federal general elections,appropriation,2369822133.05,1,Department of Indigenous Services
ca-federal,2018-19,Contributions related to the Canada Community-Building Fund (Keeping Canada's Economy and Jobs Growing Act),appropriation,2200000000.0,2,Department of Indigenous Services
ca-federal,2018-19,Federal Accommodation and Infrastructure,appropriation,2157266797.98,1,Public Services and Procurement Canada
ca-federal,2018-19,Ready Land Forces,appropriation,2155525865.38,1,National Defence
ca-federal,2018-19,Assistance for housing needs,appropriation,2028785182.16,2,Global Affairs Canada
ca-federal,2018-19,Police Operations,appropriation,2028760083.61,1,Royal Canadian Mounted Police
ca-federal,2018-19,Management of Treaties and Agreements,appropriation,1872138265.15,1,Crown-Indigenous Relations and Northern Affairs Canada
ca-federal,2018-19,"(S) Old Age Security Payments (R.S.C., 1985, c. O-9)",transfer,40424123826.0,1,Department of Employment and Social Development
ca-federal,2018-19,(S) Canada Health Transfer (Part V.1—Federal-Provincial Fiscal Arrangements Act),transfer,38567524392.0,1,Department of Finance
ca-federal,2018-19,(S) Fiscal Equalization (Part I—Federal-Provincial Fiscal Arrangements Act),transfer,18958259000.0,1,Department of Finance
ca-federal,2018-19,(S) Canada Social Transfer (Part V.1—Federal-Provincial Fiscal Arrangements Act),transfer,14160847000.0,1,Department of Finance
ca-federal,2018-19,"(S) Guaranteed Income Supplement Payments (R.S.C., 1985, c. O-9)",transfer,12404699571.0,1,Department of Employment and Social Development
ca-federal,2018-19,(S) Territorial Financing (Part I.1—Federal-Provincial Fiscal Arrangements Act),transfer,3785321565.0,1,Department of Finance
ca-federal,2018-19,Grants from the International Development Assistance for Multilateral Programming,transfer,2237986712.0,1,"Department of Foreign Affairs, Trade and Development"
ca-federal,2018-19,(S) Gas Tax Fund (Keeping Canada's Economy and Jobs Growing Act),transfer,2170596375.0,1,"Department of Housing, Infrastructure and Communities"
ca-federal,2018-19,Contributions to support the construction and maintenance of community infrastructure,transfer,2078632041.0,2,Department of Indigenous Services
ca-federal,2018-19,Contributions to support First Nations Elementary and Secondary Educational Advancement,transfer,1884256998.0,1,Department of Indigenous Services
ca-federal,2018-19,(S) Canada Student Grants to qualifying full and part-time students pursuant to the Canada Student Financial Assistance Act,transfer,1537830720.0,1,Department of Employment and Social Development
ca-federal,2018-19,"Grants to First Nations to settle specific claims negotiated by Canada and/or awarded by the Specific Claims Tribunal, and to Indigenous groups to settle special claims",transfer,1514146328.0,1,Department of Crown-Indigenous Relations and Northern Affairs
ca-federal,2018-19,Disability Awards and Allowances,transfer,1323653614.0,1,Department of Veterans Affairs
ca-federal,2018-19,Contributions to strengthen the safety and well-being of First Nations children and their families,transfer,1292312473.0,1,Department of Indigenous Services
ca-federal,2018-19,Grants and Scholarships,transfer,1254762349.0,2,Social Sciences and Humanities Research Council
ca-federal,2018-19,Contributions for First Nations and Inuit Primary Health Care,transfer,1218327111.0,1,Department of Indigenous Services
ca-federal,2018-19,"Pensions for disability and death, including pensions granted under the authority of the Civilian Government Employees (War) Compensation Order, P.C. 45/8848 of November 22, 1944, which shall be subject to the Pension Act; for former prisoners of war under the Pension Act, and Newfoundland special awards",transfer,1215938359.0,1,Department of Veterans Affairs
ca-federal,2018-19,Public Transit Infrastructure Fund,transfer,1165325221.0,1,"Department of Housing, Infrastructure and Communities"
ca-federal,2018-19,Contributions to provide income support to on-reserve residents and Status Indians in the Yukon Territory,transfer,1138536624.0,1,Department of Indigenous Services
ca-federal,2018-19,Grants for research projects and personnel support,transfer,958291539.0,1,Canadian Institutes of Health Research
ca-federal,2018-19,(S) Canada Education Savings grant payments to Registered Educations Savings Plan trustees on behalf of Registered Educations Savings Plan beneficiaries to encourage Canadians to save for post-secondary education for their children (Canada Education Savings Act),transfer,910669269.0,1,Department of Employment and Social Development
ca-federal,2018-19,Strengthening Canada's Home and Community Care and Mental Health and Addiction Initiative and Virtual Care Services Initiative,transfer,849119329.0,1,Department of Health
ca-federal,2018-19,Contributions for First Nations and Inuit Health Infrastructure Support,transfer,846444634.0,1,Department of Indigenous Services
ca-federal,2018-19,(S) Payments related to the direct financing arrangement under the Canada Student Financial Assistance Act,transfer,844683024.0,1,Department of Employment and Social Development
ca-federal,2018-19,Contributions from the International Development Assistance for Bilateral Programming to support regional or country specific,transfer,817303687.0,1,"Department of Foreign Affairs, Trade and Development"
ca-federal,2019-20,Operating/Program,appropriation,55701751819.0,100,Veterans Review and Appeal Board
ca-federal,2019-20,Grants & Contributions,appropriation,43951239394.0,33,Social Sciences and Humanities Research Council
ca-federal,2019-20,Old Age Security payments (Old Age Security Act),appropriation,42706488728.0,1,Department of Employment and Social Development
ca-federal,2019-20,Canada Health Transfer (Part V.1 - Federal-Provincial Fiscal Arrangements Act),appropriation,40371762839.0,1,Department of Finance
ca-federal,2019-20,Fiscal Equalization (Part I - Federal-Provincial Fiscal Arrangements Act),appropriation,19837259000.0,1,Department of Finance
ca-federal,2019-20,Interest on Unmatured Debt,appropriation,17836992523.0,1,Department of Finance
ca-federal,2019-20,Canada Social Transfer (Part V.1 - Federal-Provincial Fiscal Arrangements Act),appropriation,14585672000.0,1,Department of Finance
ca-federal,2019-20,Guaranteed Income Supplement Payments (Old Age Security Act),appropriation,13007928280.0,1,Department of Employment and Social Development
ca-federal,2019-20,Capital,appropriation,8709903474.0,24,Shared Services Canada
ca-federal,2019-20,Payments to Crown Corps,appropriation,7615975738.0,22,Windsor-Detroit Bridge Authority
ca-federal,2019-20,Other Interest Costs,appropriation,5951868513.0,1,Department of Finance
ca-federal,2019-20,Payments pursuant to the Public Health Events of National Concern Payments Act,appropriation,4755547878.0,1,Department of Employment and Social Development
ca-federal,2019-20,Contributions related to the Canada Community-Building Fund (Keeping Canada's Economy and Jobs Growing Act),appropriation,4400000335.0,2,Department of Indigenous Services
ca-federal,2019-20,Territorial Financing (Part I.1 - Federal-Provincial Fiscal Arrangements Act),appropriation,3948402899.0,1,Department of Finance
ca-federal,2019-20,Internal Services,appropriation,3755200150.53,72,Women and Gender Equality Canada
ca-federal,2019-20,Contributions to employee benefit plans,appropriation,3561047887.0,96,Veterans Review and Appeal Board
ca-federal,2019-20,Equipment Support,appropriation,3524542107.55,1,National Defence
ca-federal,2019-20,Public Service Employer Payments,appropriation,2633550311.06,1,Treasury Board of Canada Secretariat
ca-federal,2019-20,Treasury Board Central,appropriation,2633550311.0,1,Treasury Board Secretariat
ca-federal,2019-20,Distribution of fuel charges (Canada Carbon Rebate) under section 165 of the Greenhouse Gas Pollution Pricing Act and section 122.8 of the Income Tax Act,appropriation,2629934241.0,1,Canada Revenue Agency
ca-federal,2019-20,Disability Benefits,appropriation,2462088618.16,1,Veterans Affairs Canada
ca-federal,2019-20,Education,appropriation,2384544425.82,1,Department of Indigenous Services
ca-federal,2019-20,Federal Accommodation and Infrastructure,appropriation,2074316635.8,1,Public Services and Procurement Canada
ca-federal,2019-20,Other Claims,appropriation,2059515103.43,1,Crown-Indigenous Relations and Northern Affairs Canada
ca-federal,2019-20,Assistance for housing needs,appropriation,1963674396.96,2,Global Affairs Canada
ca-federal,2019-20,"(S) Old Age Security Payments (R.S.C., 1985, c. O-9)",transfer,42706488728.0,1,Department of Employment and Social Development
ca-federal,2019-20,(S) Canada Health Transfer (Part V.1—Federal-Provincial Fiscal Arrangements Act),transfer,40371762839.0,1,Department of Finance
ca-federal,2019-20,(S) Fiscal Equalization (Part I—Federal-Provincial Fiscal Arrangements Act),transfer,19837259000.0,1,Department of Finance
ca-federal,2019-20,(S) Canada Social Transfer (Part V.1—Federal-Provincial Fiscal Arrangements Act),transfer,14585672000.0,1,Department of Finance
ca-federal,2019-20,"(S) Guaranteed Income Supplement Payments (R.S.C., 1985, c. O-9)",transfer,13007928280.0,1,Department of Employment and Social Development
ca-federal,2019-20,(S) Payments for the Canada Emergency Response Benefit pursuant to the Public Health Events of National Concern Payments Act,transfer,4739209000.0,1,Department of Employment and Social Development
ca-federal,2019-20,(S) Gas Tax Fund (Keeping Canada's Economy and Jobs Growing Act),transfer,4340912262.0,1,"Department of Housing, Infrastructure and Communities"
ca-federal,2019-20,(S) Territorial Financing (Part I.1—Federal-Provincial Fiscal Arrangements Act),transfer,3948402899.0,1,Department of Finance
ca-federal,2019-20,(S) Distribution of fuel charge (Canada Carbon Rebate) under section 165 of the Greenhouse Gas Pollution Pricing,transfer,2629934241.0,1,Canada Revenue Agency
ca-federal,2019-20,Grants from the International Development Assistance for Multilateral Programming,transfer,2176912191.0,1,"Department of Foreign Affairs, Trade and Development"
ca-federal,2019-20,Contributions to support First Nations Elementary and Secondary Educational Advancement,transfer,2050274576.0,1,Department of Indigenous Services
ca-federal,2019-20,Contributions to support the construction and maintenance of community infrastructure,transfer,1999423482.0,2,Department of Indigenous Services
ca-federal,2019-20,(S) Canada Student Grants to qualifying full and part-time students pursuant to the Canada Student Financial Assistance Act,transfer,1583022844.0,1,Department of Employment and Social Development
ca-federal,2019-20,Contributions to strengthen the safety and well-being of First Nations children and their families,transfer,1522668138.0,1,Department of Indigenous Services
ca-federal,2019-20,Contributions for First Nations and Inuit Primary Health Care,transfer,1390938867.0,1,Department of Indigenous Services
ca-federal,2019-20,Grants and Scholarships,transfer,1268608039.0,2,Social Sciences and Humanities Research Council
ca-federal,2019-20,"Pensions for disability and death, including pensions granted under the authority of the Civilian Government Employees (War) Compensation Order, P.C. 45/8848 of November 22, 1944, which shall be subject to the Pension Act; for former prisoners of war under the Pension Act, and Newfoundland special awards",transfer,1227046368.0,1,Department of Veterans Affairs
ca-federal,2019-20,Strengthening Canada's Home and Community Care and Mental Health and Addiction Initiative and Virtual Care Services Initiative,transfer,1099745825.0,1,Department of Health
ca-federal,2019-20,Contributions to provide income support to on-reserve residents and Status Indians in the Yukon Territory,transfer,1073540260.0,1,Department of Indigenous Services
ca-federal,2019-20,Grants for research projects and personnel support,transfer,997859990.0,1,Canadian Institutes of Health Research
ca-federal,2019-20,(S) Canada Education Savings grant payments to Registered Educations Savings Plan trustees on behalf of Registered Educations Savings Plan beneficiaries to encourage Canadians to save for post-secondary education for their children (Canada Education Savings Act),transfer,969415697.0,1,Department of Employment and Social Development
ca-federal,2019-20,Workforce Development Agreement,transfer,953494416.0,1,Department of Employment and Social Development
ca-federal,2019-20,(S) Contribution to the Federation of Canadian Municipalities for the Green Municipal Fund,transfer,950000000.0,1,Department of Natural Resources
ca-federal,2019-20,Pain and Suffering Compensation,transfer,916950508.0,1,Department of Veterans Affairs
ca-federal,2019-20,New Building Canada Fund - Provincial-Territorial Infrastructure Component - National and Regional Projects,transfer,870134452.0,1,"Department of Housing, Infrastructure and Communities"
ca-federal,2020-21,Payments pursuant to the Public Health Events of National Concern Payments Act,appropriation,62161967377.0,40,The National Battlefields Commission
ca-federal,2020-21,Operating/Program,appropriation,62155861859.0,100,Veterans Review and Appeal Board
ca-federal,2020-21,Grants & Contributions,appropriation,50427104726.0,33,Social Sciences and Humanities Research Council
ca-federal,2020-21,Old Age Security payments (Old Age Security Act),appropriation,44382661808.0,1,Department of Employment and Social Development
ca-federal,2020-21,Canada Health Transfer (Part V.1 - Federal-Provincial Fiscal Arrangements Act),appropriation,41880173684.0,1,Department of Finance
ca-federal,2020-21,Benefit enhancement measures for the Employment Insurance Operating Account,appropriation,27331431907.0,1,Department of Employment and Social Development
ca-federal,2020-21,Fiscal Equalization (Part I - Federal-Provincial Fiscal Arrangements Act),appropriation,20572844000.0,1,Department of Finance
ca-federal,2020-21,Payments pursuant to the Canada Recovery Benefits Act,appropriation,16850095779.0,1,Department of Employment and Social Development
ca-federal,2020-21,Significant and Systematic Economic and Financial Distress,appropriation,16655725989.0,1,Department of Finance
ca-federal,2020-21,Interest on Unmatured Debt,appropriation,15095811768.0,1,Department of Finance
ca-federal,2020-21,Canada Social Transfer (Part V.1 - Federal-Provincial Fiscal Arrangements Act),appropriation,15023242000.0,1,Department of Finance
ca-federal,2020-21,Guaranteed Income Supplement Payments (Old Age Security Act),appropriation,13685088912.0,1,Department of Employment and Social Development
ca-federal,2020-21,Capital,appropriation,8649311106.0,24,Shared Services Canada
ca-federal,2020-21,Payments to Crown Corps,appropriation,8504164599.0,23,Windsor-Detroit Bridge Authority
ca-federal,2020-21,Other Interest Costs,appropriation,5329760904.0,1,Department of Finance
ca-federal,2020-21,Contributions to employee benefit plans,appropriation,4901931874.0,96,Veterans Review and Appeal Board
ca-federal,2020-21,Distribution of fuel charges (Canada Carbon Rebate) under section 165 of the Greenhouse Gas Pollution Pricing Act and section 122.8 of the Income Tax Act,appropriation,4546974222.0,1,Canada Revenue Agency
ca-federal,2020-21,Territorial Financing (Part I.1 - Federal-Provincial Fiscal Arrangements Act),appropriation,4180225221.0,1,Department of Finance
ca-federal,2020-21,Internal Services,appropriation,4056202687.29,72,Women and Gender Equality Canada
ca-federal,2020-21,Contributions to employee benefit plans (Members of the Military),appropriation,4016577703.0,1,Department of National Defence
ca-federal,2020-21,Equipment Support,appropriation,3447090968.65,1,National Defence
ca-federal,2020-21,Fiscal Arrangements with Provinces and Territories,appropriation,3147882076.63,1,Department of Finance Canada
ca-federal,2020-21,Canada Student Grants to qualifying full and part-time students pursuant to the Canada Student Financial Assistance Act,appropriation,2920803871.0,1,Department of Employment and Social Development
ca-federal,2020-21,Treasury Board Central,appropriation,2889612806.0,1,Treasury Board Secretariat
ca-federal,2020-21,Public Service Employer Payments,appropriation,2886207295.91,1,Treasury Board of Canada Secretariat
ca-federal,2020-21,"(S) Old Age Security Payments (R.S.C., 1985, c. O-9)",transfer,44382661808.0,1,Department of Employment and Social Development
ca-federal,2020-21,(S) Canada Health Transfer (Part V.1—Federal-Provincial Fiscal Arrangements Act),transfer,41880173684.0,1,Department of Finance
ca-federal,2020-21,(S) Payments for the Canada Emergency Response Benefit pursuant to the Public Health Events of National Concern Payments Act,transfer,40563570750.0,1,Department of Employment and Social Development
ca-federal,2020-21,(S) Benefit enhancement measures for the Employment Insurance Operating Account,transfer,27331431907.0,1,Department of Employment and Social Development
ca-federal,2020-21,(S) Fiscal Equalization (Part I—Federal-Provincial Fiscal Arrangements Act),transfer,20572844000.0,1,Department of Finance
ca-federal,2020-21,(S) Canada Social Transfer (Part V.1—Federal-Provincial Fiscal Arrangements Act),transfer,15023242000.0,1,Department of Finance
ca-federal,2020-21,(S) Payments for the Canada Recovery Benefit pursuant to the Canada Recovery Benefits Act,transfer,14417284976.0,1,Department of Employment and Social Development
ca-federal,2020-21,"(S) Guaranteed Income Supplement Payments (R.S.C., 1985, c. O-9)",transfer,13685088912.0,1,Department of Employment and Social Development
ca-federal,2020-21,(S) Safe Restart Agreement,transfer,12276726000.0,1,Department of Finance
ca-federal,2020-21,(S) Distribution of fuel charge (Canada Carbon Rebate) under section 165 of the Greenhouse Gas Pollution Pricing,transfer,4546974222.0,1,Canada Revenue Agency
ca-federal,2020-21,(S) Territorial Financing (Part I.1—Federal-Provincial Fiscal Arrangements Act),transfer,4180225221.0,1,Department of Finance
ca-federal,2020-21,Grants from the International Development Assistance for Multilateral Programming,transfer,3774914547.0,1,"Department of Foreign Affairs, Trade and Development"
ca-federal,2020-21,(S) Payments for the Canada Emergency Student Benefit pursuant to the Public Health Events of National Concern Payments Act,transfer,2944026750.0,1,Department of Employment and Social Development
ca-federal,2020-21,(S) Canada Student Grants to qualifying full and part-time students pursuant to the Canada Student Financial Assistance Act,transfer,2920803871.0,1,Department of Employment and Social Development
ca-federal,2020-21,(S) Essential Workers Support Fund,transfer,2538999989.0,1,Department of Finance
ca-federal,2020-21,(S) Payments for additional support for Canadian seniors pursuant to the Public Health Events of National Concern Payments Act,transfer,2454917600.0,1,Department of Employment and Social Development
ca-federal,2020-21,(S) Gas Tax Fund (Keeping Canada's Economy and Jobs Growing Act),transfer,2170315887.0,1,"Department of Housing, Infrastructure and Communities"
ca-federal,2020-21,Contributions to support First Nations Elementary and Secondary Educational Advancement,transfer,2012313809.0,1,Department of Indigenous Services
ca-federal,2020-21,Contributions to support the construction and maintenance of community infrastructure,transfer,1984068748.0,2,Department of Indigenous Services
ca-federal,2020-21,(S) Payments for the Canada Recovery Caregiving Benefit pursuant to the Canada Recovery Benefits Act,transfer,1956732950.0,1,Department of Employment and Social Development
ca-federal,2020-21,Contributions for First Nations and Inuit Primary Health Care,transfer,1783770399.0,1,Department of Indigenous Services
ca-federal,2020-21,"Grants to First Nations to settle specific claims negotiated by Canada and/or awarded by the Specific Claims Tribunal, and to Indigenous groups to settle special claims",transfer,1738084279.0,1,Department of Crown-Indigenous Relations and Northern Affairs
ca-federal,2020-21,Contributions to strengthen the safety and well-being of First Nations children and their families,transfer,1504568478.0,1,Department of Indigenous Services
ca-federal,2020-21,(S) Payments to support provincial and territorial job training efforts pursuant to the Public Health Events of National Concern Payments Act,transfer,1498300000.0,1,Department of Employment and Social Development
ca-federal,2020-21,Strengthening Canada's Home and Community Care and Mental Health and Addiction Initiative and Virtual Care Services Initiative,transfer,1346991846.0,1,Department of Health
ca-federal,2021-22,Operating/Program,appropriation,69031067646.34,102,Veterans Review and Appeal Board
ca-federal,2021-22,Grants & Contributions,appropriation,59361911598.0,34,Social Sciences and Humanities Research Council
ca-federal,2021-22,Old Age Security payments (Old Age Security Act),appropriation,46221407443.0,1,Department of Employment and Social Development
ca-federal,2021-22,Canada Health Transfer (Part V.1 - Federal-Provincial Fiscal Arrangements Act),appropriation,43132954822.0,1,Department of Finance
ca-federal,2021-22,Fiscal Equalization (Part I - Federal-Provincial Fiscal Arrangements Act),appropriation,20910789000.0,1,Department of Finance
ca-federal,2021-22,Interest on Unmatured Debt,appropriation,17865672922.0,1,Department of Finance
ca-federal,2021-22,Payments pursuant to the Canada Recovery Benefits Act,appropriation,16581988533.0,1,Department of Employment and Social Development
ca-federal,2021-22,Canada Social Transfer (Part V.1 - Federal-Provincial Fiscal Arrangements Act),appropriation,15473939000.0,1,Department of Finance
ca-federal,2021-22,Guaranteed Income Supplement Payments (Old Age Security Act),appropriation,14004834366.0,1,Department of Employment and Social Development
ca-federal,2021-22,Payments to Crown Corps,appropriation,9964824272.0,24,Windsor-Detroit Bridge Authority
ca-federal,2021-22,Capital,appropriation,8245780135.0,25,Shared Services Canada
ca-federal,2021-22,Employer contributions made under the Public Service Superannuation Act and other retirement acts and the Employment Insurance Act,appropriation,7805000000.0,1,Treasury Board Secretariat
ca-federal,2021-22,Other Interest Costs,appropriation,5122310988.0,1,Department of Finance
ca-federal,2021-22,Contributions related to the Canada Community-Building Fund (Keeping Canada's Economy and Jobs Growing Act),appropriation,4550800002.0,2,Department of Indigenous Services
ca-federal,2021-22,Territorial Financing (Part I.1 - Federal-Provincial Fiscal Arrangements Act),appropriation,4379878578.0,1,Department of Finance
ca-federal,2021-22,Contributions to employee benefit plans,appropriation,4219172112.0,98,Veterans Review and Appeal Board
ca-federal,2021-22,Internal Services,appropriation,4156497988.49,72,Women and Gender Equality Canada
ca-federal,2021-22,Payments related to Canada health transfer,appropriation,4000000000.0,1,Department of Finance
ca-federal,2021-22,Allocation-Based and Direct Funding Stewardship,appropriation,3843975248.73,1,"Housing, Infrastructure and Communities Canada"
ca-federal,2021-22,Distribution of fuel charges (Canada Carbon Rebate) under section 165 of the Greenhouse Gas Pollution Pricing Act and section 122.8 of the Income Tax Act,appropriation,3761940968.0,1,Canada Revenue Agency
ca-federal,2021-22,Vaccination,appropriation,3587394618.28,1,Public Health Agency of Canada
ca-federal,2021-22,Assistance for housing needs,appropriation,3578946167.46,2,Global Affairs Canada
ca-federal,2021-22,Equipment Support,appropriation,3374010673.83,1,National Defence
ca-federal,2021-22,Canada Student Grants to qualifying full and part-time students pursuant to the Canada Student Financial Assistance Act,appropriation,3154531140.0,1,Department of Employment and Social Development
ca-federal,2021-22,Treasury Board Central,appropriation,2923781288.0,1,Treasury Board Secretariat
ca-federal,2021-22,"(S) Old Age Security Payments (R.S.C., 1985, c. O-9)",transfer,46221407443.0,1,Department of Employment and Social Development
ca-federal,2021-22,(S) Canada Health Transfer (Part V.1—Federal-Provincial Fiscal Arrangements Act),transfer,43132954822.0,1,Department of Finance
ca-federal,2021-22,(S) Fiscal Equalization (Part I—Federal-Provincial Fiscal Arrangements Act),transfer,20910789000.0,1,Department of Finance
ca-federal,2021-22,(S) Canada Social Transfer (Part V.1—Federal-Provincial Fiscal Arrangements Act),transfer,15473939000.0,1,Department of Finance
ca-federal,2021-22,"(S) Guaranteed Income Supplement Payments (R.S.C., 1985, c. O-9)",transfer,14004834367.0,1,Department of Employment and Social Development
ca-federal,2021-22,(S) Payments for the Canada Recovery Benefit pursuant to the Canada Recovery Benefits Act,transfer,13016862110.0,1,Department of Employment and Social Development
ca-federal,2021-22,(S) Contributions related to the Canada Community-Building Fund (Keeping Canada's Economy and Jobs Growing Act),transfer,4550800002.0,2,Department of Indigenous Services
ca-federal,2021-22,(S) Territorial Financing (Part I.1—Federal-Provincial Fiscal Arrangements Act),transfer,4379878578.0,1,Department of Finance
ca-federal,2021-22,(S) Payments related to Canada health transfer (Section 24.72 - Federal-Provincial Fiscal Arrangements Act),transfer,4000000000.0,1,Department of Finance
ca-federal,2021-22,(S) Distribution of fuel charge (Canada Carbon Rebate) under section 165 of the Greenhouse Gas Pollution Pricing,transfer,3761940968.0,1,Canada Revenue Agency
ca-federal,2021-22,(S) Canada Student Grants to qualifying full and part-time students pursuant to the Canada Student Financial Assistance Act,transfer,3154531139.0,1,Department of Employment and Social Development
ca-federal,2021-22,Grants from the International Development Assistance for Multilateral Programming,transfer,3069395614.0,1,"Department of Foreign Affairs, Trade and Development"
ca-federal,2021-22,Contributions to support the construction and maintenance of community infrastructure,transfer,2655122675.0,2,Department of Indigenous Services
ca-federal,2021-22,"(S) Payments to provinces and territories for early learning and child care pursuant to the Budget Implementation Act, 2021, No. 1",transfer,2648082433.0,1,Department of Employment and Social Development
ca-federal,2021-22,Strengthening Canada's Home and Community Care and Mental Health and Addiction Initiative and Virtual Care Services Initiative,transfer,2552597627.0,1,Department of Health
ca-federal,2021-22,Contributions to support First Nations Elementary and Secondary Educational Advancement,transfer,2323290064.0,1,Department of Indigenous Services
ca-federal,2021-22,(S) Payments for the Canada Recovery Caregiving Benefit pursuant to the Canada Recovery Benefits Act,transfer,2288081206.0,1,Department of Employment and Social Development
ca-federal,2021-22,Contributions for First Nations and Inuit Primary Health Care,transfer,2258360449.0,1,Department of Indigenous Services
ca-federal,2021-22,"(S) Supplementary payment to seniors (OAS 75+) pursuant to the Budget Implementation Act, 2021, No. 1",transfer,1679427560.0,1,Department of Employment and Social Development
ca-federal,2021-22,Investing in Canada Infrastructure Program,transfer,1543486307.0,1,"Department of Housing, Infrastructure and Communities"
ca-federal,2021-22,Pain and Suffering Compensation,transfer,1543024533.0,1,Department of Veterans Affairs
ca-federal,2021-22,Contributions to provide income support to on-reserve residents and Status Indians in the Yukon Territory,transfer,1465463606.0,1,Department of Indigenous Services
ca-federal,2021-22,Contributions to provide children and families with Protection and Prevention Services,transfer,1383476475.0,1,Department of Indigenous Services
ca-federal,2021-22,Grants and Scholarships,transfer,1337318462.0,2,Social Sciences and Humanities Research Council
ca-federal,2021-22,"Payments to provinces, territories, municipalities, other public bodies, organizations, groups, communities, employers and individuals for the provision of training and/or work experience, the mobilization of community resources, and human resource planning and adjustment measures necessary for the efficient functioning of the Canadian labour market",transfer,1306568862.0,1,Department of Employment and Social Development
ca-federal,2022-23,Grants & Contributions,appropriation,75870108530.0,34,Social Sciences and Humanities Research Council
ca-federal,2022-23,Operating/Program,appropriation,70646144182.0,103,Veterans Review and Appeal Board
ca-federal,2022-23,Old Age Security payments (Old Age Security Act),appropriation,52737283412.0,1,Department of Employment and Social Development
ca-federal,2022-23,Canada Health Transfer (Part V.1 - Federal-Provincial Fiscal Arrangements Act),appropriation,45140656521.0,1,Department of Finance
ca-federal,2022-23,Interest on Unmatured Debt,appropriation,25990399324.0,1,Department of Finance
ca-federal,2022-23,Fiscal Equalization (Part I - Federal-Provincial Fiscal Arrangements Act),appropriation,21920222000.0,1,Department of Finance
ca-federal,2022-23,Guaranteed Income Supplement Payments (Old Age Security Act),appropriation,16100638016.0,1,Department of Employment and Social Development
ca-federal,2022-23,Canada Social Transfer (Part V.1 - Federal-Provincial Fiscal Arrangements Act),appropriation,15938157000.0,1,Department of Finance
ca-federal,2022-23,Payments to Crown Corps,appropriation,10105775842.0,26,Windsor-Detroit Bridge Authority
ca-federal,2022-23,Capital,appropriation,9593031974.0,26,Shared Services Canada
ca-federal,2022-23,Distribution of fuel charges (Canada Carbon Rebate) under section 165 of the Greenhouse Gas Pollution Pricing Act and section 122.8 of the Income Tax Act,appropriation,6823776253.0,1,Canada Revenue Agency
ca-federal,2022-23,Other Interest Costs,appropriation,5597929854.0,1,Department of Finance
ca-federal,2022-23,Appeals,appropriation,5215504362.62,1,Employment and Social Development Canada
ca-federal,2022-23,Internal Services,appropriation,4898559201.83,72,Women and Gender Equality Canada
ca-federal,2022-23,Contributions to employee benefit plans,appropriation,4556174472.0,98,Veterans Review and Appeal Board
ca-federal,2022-23,Territorial Financing (Part I.1 - Federal-Provincial Fiscal Arrangements Act),appropriation,4552785221.0,1,Department of Finance
ca-federal,2022-23,Allocation-Based and Direct Funding Stewardship,appropriation,3822017967.16,1,"Housing, Infrastructure and Communities Canada"
ca-federal,2022-23,Equipment Support,appropriation,3763677050.71,1,National Defence
ca-federal,2022-23,Treasury Board Central,appropriation,3759894377.0,1,Treasury Board Secretariat
ca-federal,2022-23,Public Service Employer Payments,appropriation,3756367696.71,1,Treasury Board of Canada Secretariat
ca-federal,2022-23,Specific Claims,appropriation,3601735248.37,1,Crown-Indigenous Relations and Northern Affairs Canada
ca-federal,2022-23,Canada Student Grants to qualifying full and part-time students pursuant to the Canada Student Financial Assistance Act,appropriation,3367941806.0,1,Department of Employment and Social Development
ca-federal,2022-23,First Nations Child and Family Services,appropriation,3284606707.04,1,Department of Indigenous Services
ca-federal,2022-23,Water and Wastewater,appropriation,3145292230.3,1,Department of Indigenous Services
ca-federal,2022-23,Education,appropriation,3011311747.91,1,Department of Indigenous Services
ca-federal,2022-23,"(S) Old Age Security Payments (R.S.C., 1985, c. O-9)",transfer,52737283412.0,1,Department of Employment and Social Development
ca-federal,2022-23,(S) Canada Health Transfer (Part V.1—Federal-Provincial Fiscal Arrangements Act),transfer,45140656521.0,1,Department of Finance
ca-federal,2022-23,(S) Fiscal Equalization (Part I—Federal-Provincial Fiscal Arrangements Act),transfer,21920222000.0,1,Department of Finance
ca-federal,2022-23,"(S) Guaranteed Income Supplement Payments (R.S.C., 1985, c. O-9)",transfer,16100638016.0,1,Department of Employment and Social Development
ca-federal,2022-23,(S) Canada Social Transfer (Part V.1—Federal-Provincial Fiscal Arrangements Act),transfer,15938157000.0,1,Department of Finance
ca-federal,2022-23,(S) Distribution of fuel charge (Canada Carbon Rebate) under section 165 of the Greenhouse Gas Pollution Pricing,transfer,6823776253.0,1,Canada Revenue Agency
ca-federal,2022-23,Payments to provinces and territories for the purpose of Early Learning and Child Care,transfer,5190359972.0,1,Department of Employment and Social Development
ca-federal,2022-23,(S) Territorial Financing (Part I.1—Federal-Provincial Fiscal Arrangements Act),transfer,4552785221.0,1,Department of Finance
ca-federal,2022-23,Grants from the International Development Assistance for Multilateral Programming,transfer,3565823105.0,1,"Department of Foreign Affairs, Trade and Development"
ca-federal,2022-23,"Grants to First Nations to settle specific claims negotiated by Canada and/or awarded by the Specific Claims Tribunal, and to Indigenous groups to settle special claims",transfer,3556998173.0,1,Department of Crown-Indigenous Relations and Northern Affairs
ca-federal,2022-23,(S) Canada Student Grants to qualifying full and part-time students pursuant to the Canada Student Financial Assistance Act,transfer,3367941806.0,1,Department of Employment and Social Development
ca-federal,2022-23,Contributions to support the construction and maintenance of community infrastructure,transfer,3239682767.0,2,Department of Indigenous Services
ca-federal,2022-23,"Contributions to provide children, youth, young adults, families  and communities with prevention and protection services",transfer,2753369429.0,1,Department of Indigenous Services
ca-federal,2022-23,Contributions to the provinces for assistance related to natural disasters,transfer,2423638161.0,1,Department of Public Safety and Emergency Preparedness
ca-federal,2022-23,Contributions to support First Nations Elementary and Secondary Educational Advancement,transfer,2388377648.0,1,Department of Indigenous Services
ca-federal,2022-23,Contributions for First Nations and Inuit Primary Health Care,transfer,2371749723.0,1,Department of Indigenous Services
ca-federal,2022-23,(S) Contributions related to the Canada Community-Building Fund (Keeping Canada's Economy and Jobs Growing Act),transfer,2300000000.0,2,Department of Indigenous Services
ca-federal,2022-23,(S) Payments related to Canada health transfer (Section 24.72 - Federal-Provincial Fiscal Arrangements Act),transfer,2000000000.0,1,Department of Finance
ca-federal,2022-23,Investing in Canada Infrastructure Program,transfer,1894973848.0,1,"Department of Housing, Infrastructure and Communities"
ca-federal,2022-23,Grants to implement comprehensive land claims and self-government agreements and other agreements to address Section 35 Rights,transfer,1878534219.0,1,Department of Crown-Indigenous Relations and Northern Affairs
ca-federal,2022-23,Contributions to provide income support to on-reserve residents and Status Indians in the Yukon Territory,transfer,1441142564.0,1,Department of Indigenous Services
ca-federal,2022-23,Pain and Suffering Compensation,transfer,1387239972.0,1,Department of Veterans Affairs
ca-federal,2022-23,Grants and Scholarships,transfer,1343350902.0,2,Social Sciences and Humanities Research Council
ca-federal,2022-23,Payments to provinces and territories for the Purpose of Home Care and Mental Health,transfer,1200296173.0,1,Department of Health
ca-federal,2022-23,Contributions for First Nations and Inuit Health Infrastructure Support,transfer,1197655889.0,1,Department of Indigenous Services
ca-federal,2023-24,Operating/Program,appropriation,106646348830.56,103,Veterans Review and Appeal Board
ca-federal,2023-24,Grants & Contributions,appropriation,80425503467.8,34,Social Sciences and Humanities Research Council
ca-federal,2023-24,Old Age Security payments (Old Age Security Act),appropriation,57444856822.3,1,Department of Employment and Social Development
ca-federal,2023-24,Canada Health Transfer (Part V.1 - Federal-Provincial Fiscal Arrangements Act),appropriation,49431243596.0,1,Department of Finance
ca-federal,2023-24,Interest on Unmatured Debt,appropriation,36430208410.23,1,Department of Finance
ca-federal,2023-24,Child and Family Services,appropriation,27327724941.28,1,Department of Indigenous Services
ca-federal,2023-24,Fiscal Equalization (Part I - Federal-Provincial Fiscal Arrangements Act),appropriation,23963000000.0,1,Department of Finance
ca-federal,2023-24,Guaranteed Income Supplement Payments (Old Age Security Act),appropriation,18030935781.17,1,Department of Employment and Social Development
ca-federal,2023-24,Canada Social Transfer (Part V.1 - Federal-Provincial Fiscal Arrangements Act),appropriation,16416302000.0,1,Department of Finance
ca-federal,2023-24,Payments to Crown Corps,appropriation,13047664831.0,26,Windsor-Detroit Bridge Authority
ca-federal,2023-24,Capital,appropriation,12172778588.2,26,Shared Services Canada
ca-federal,2023-24,Forgiveness of non-budgetary loans pursuant to section 23(6) of the Export Development Act,appropriation,10306700332.0,1,Export Development Canada (Canada Account)
ca-federal,2023-24,Distribution of fuel charges (Canada Carbon Rebate) under section 165 of the Greenhouse Gas Pollution Pricing Act and section 122.8 of the Income Tax Act,appropriation,9599733793.87,1,Canada Revenue Agency
ca-federal,2023-24,Other Claims,appropriation,9314483091.4,1,Crown-Indigenous Relations and Northern Affairs Canada
ca-federal,2023-24,Appeals,appropriation,6212098200.04,1,Employment and Social Development Canada
ca-federal,2023-24,Other Interest Costs,appropriation,6043911079.07,1,Department of Finance
ca-federal,2023-24,Internal Services,appropriation,5673736036.72,73,Women and Gender Equality Canada
ca-federal,2023-24,Contributions to employee benefit plans,appropriation,5303288076.02,99,Veterans Review and Appeal Board
ca-federal,2023-24,Contributions to employee benefit plans (Members of the Military),appropriation,4852352717.42,1,Department of National Defence
ca-federal,2023-24,Territorial Financing (Part I.1 - Federal-Provincial Fiscal Arrangements Act),appropriation,4834417818.0,1,Department of Finance
ca-federal,2023-24,Responsive Health Care Systems,appropriation,4561315269.27,1,Health Canada
ca-federal,2023-24,Equipment Support,appropriation,4194444799.58,1,National Defence
ca-federal,2023-24,Allocation-Based and Direct Funding Stewardship,appropriation,4130867847.72,1,"Housing, Infrastructure and Communities Canada"
ca-federal,2023-24,Treasury Board Central,appropriation,3853588562.0,1,Treasury Board Secretariat
ca-federal,2023-24,Public Service Employer Payments,appropriation,3849638267.63,1,Treasury Board of Canada Secretariat
ca-federal,2023-24,"(S) Old Age Security Payments (R.S.C., 1985, c. O-9)",transfer,57444856822.3,1,Department of Employment and Social Development
ca-federal,2023-24,(S) Canada Health Transfer (Part V.1—Federal-Provincial Fiscal Arrangements Act),transfer,49431243596.0,1,Department of Finance
ca-federal,2023-24,(S) Fiscal Equalization (Part I—Federal-Provincial Fiscal Arrangements Act),transfer,24539511311.0,1,Department of Finance
ca-federal,2023-24,"(S) Guaranteed Income Supplement Payments (R.S.C., 1985, c. O-9)",transfer,18030935781.17,1,Department of Employment and Social Development
ca-federal,2023-24,(S) Canada Social Transfer (Part V.1—Federal-Provincial Fiscal Arrangements Act),transfer,16416302000.0,1,Department of Finance
ca-federal,2023-24,(S) Distribution of fuel charge (Canada Carbon Rebate) under section 165 of the Greenhouse Gas Pollution Pricing,transfer,9599733793.87,1,Canada Revenue Agency
ca-federal,2023-24,Payments to provinces and territories for the purpose of Early Learning and Child Care,transfer,6179192877.0,1,Department of Employment and Social Development
ca-federal,2023-24,(S) Territorial Financing (Part I.1—Federal-Provincial Fiscal Arrangements Act),transfer,4834417818.0,1,Department of Finance
ca-federal,2023-24,"Contributions to provide children, youth, young adults, families  and communities with prevention and protection services",transfer,3571728670.36,1,Department of Indigenous Services
ca-federal,2023-24,Contributions to support the construction and maintenance of community infrastructure,transfer,3312582755.67,1,Department of Indigenous Services
ca-federal,2023-24,Contributions for First Nations and Inuit Primary Health Care,transfer,3029524348.1,1,Department of Indigenous Services
ca-federal,2023-24,"Grants to First Nations to settle specific claims negotiated by Canada and/or awarded by the Specific Claims Tribunal, and to Indigenous groups to settle special claims",transfer,2787365500.96,1,Department of Crown-Indigenous Relations and Northern Affairs
ca-federal,2023-24,(S) Canada Student Grants to qualifying full and part-time students pursuant to the Canada Student Financial Assistance Act,transfer,2674008982.68,1,Department of Employment and Social Development
ca-federal,2023-24,Contributions to support First Nations Elementary and Secondary Educational Advancement,transfer,2555002456.01,1,Department of Indigenous Services
ca-federal,2023-24,Contributions to Provinces and Territories for Shared Health Priorities,transfer,2500000000.0,1,Department of Health
ca-federal,2023-24,Grants from the International Development Assistance for Multilateral Programming,transfer,2400675230.6,1,"Department of Foreign Affairs, Trade and Development"
ca-federal,2023-24,(S) Contributions related to the Canada Community-Building Fund (Keeping Canada's Economy and Jobs Growing Act),transfer,2399999998.34,2,Department of Indigenous Services
ca-federal,2023-24,Investing in Canada Infrastructure Program,transfer,2040641020.85,1,"Department of Housing, Infrastructure and Communities"
ca-federal,2023-24,(S) Payments related to Canada health transfer (Section 24.72 - Federal-Provincial Fiscal Arrangements Act),transfer,2000000000.0,1,Department of Finance
ca-federal,2023-24,Grants to implement comprehensive land claims and self-government agreements and other agreements to address Section 35 Rights,transfer,1834366350.23,1,Department of Crown-Indigenous Relations and Northern Affairs
ca-federal,2023-24,Payments to provinces and territories for the Purpose of Home Care and Mental Health,transfer,1800312300.0,1,Department of Health
ca-federal,2023-24,Pain and Suffering Compensation,transfer,1608757206.42,1,Department of Veterans Affairs
ca-federal,2023-24,Contributions under the Strategic Innovation Fund,transfer,1404605079.0,1,Department of Industry
ca-federal,2023-24,Contributions to provide income support to on-reserve residents and Status Indians in the Yukon Territory,transfer,1398611441.65,1,Department of Indigenous Services
ca-federal,2023-24,(S) Payments related to the direct financing arrangement under the Canada Student Financial Assistance Act,transfer,1379984379.2,1,Department of Employment and Social Development
ca-federal,2024-25,Grants & Contributions,appropriation,94014209804.0,35,Social Sciences and Humanities Research Council
ca-federal,2024-25,Operating/Program,appropriation,77268069276.48,104,Veterans Review and Appeal Board
ca-federal,2024-25,Old Age Security payments (Old Age Security Act),appropriation,60648088711.1,1,Department of Employment and Social Development
ca-federal,2024-25,Canada Health and Social Transfer,appropriation,52070383303.0,1,Department of Finance
ca-federal,2024-25,Interest on Unmatured Debt,appropriation,42185287373.41,1,Department of Finance
ca-federal,2024-25,Fiscal Equalization (Part I - Federal-Provincial Fiscal Arrangements Act),appropriation,25252833000.0,1,Department of Finance
ca-federal,2024-25,Guaranteed Income Supplement Payments (Old Age Security Act),appropriation,18910375539.2,1,Department of Employment and Social Development
ca-federal,2024-25,Canada Social Transfer (Part V.1 - Federal-Provincial Fiscal Arrangements Act),appropriation,16908791000.0,1,Department of Finance
ca-federal,2024-25,Capital,appropriation,15084750466.0,26,Shared Services Canada
ca-federal,2024-25,Payments to Crown Corps,appropriation,13029293681.0,26,Windsor-Detroit Bridge Authority
ca-federal,2024-25,Distribution of fuel charges (Canada Carbon Rebate) under section 165 of the Greenhouse Gas Pollution Pricing Act and section 122.8 of the Income Tax Act,appropriation,12664115951.19,1,Canada Revenue Agency
ca-federal,2024-25,Specific Claims,appropriation,8351211220.62,1,Crown-Indigenous Relations and Northern Affairs Canada
ca-federal,2024-25,Appeals,appropriation,7253207898.28,1,Employment and Social Development Canada
ca-federal,2024-25,Employer contributions made under the Public Service Superannuation Act and other retirement acts and the Employment Insurance Act,appropriation,6425000000.02,1,Treasury Board Secretariat
ca-federal,2024-25,Internal Services,appropriation,6309833095.15,74,Women and Gender Equality Canada
ca-federal,2024-25,Other Interest Costs,appropriation,5809858768.72,1,Department of Finance
ca-federal,2024-25,Community Infrastructure,appropriation,5617276600.49,1,Department of Indigenous Services
ca-federal,2024-25,Contributions to employee benefit plans,appropriation,5371774692.12,100,Veterans Review and Appeal Board
ca-federal,2024-25,Territorial Financing (Part I.1 - Federal-Provincial Fiscal Arrangements Act),appropriation,5158964752.0,1,Department of Finance
ca-federal,2024-25,Responsive Health Care Systems,appropriation,5092613917.02,1,Health Canada
ca-federal,2024-25,Equipment Support,appropriation,4652290987.57,1,National Defence
ca-federal,2024-25,Child and Family Services,appropriation,4585713115.53,1,Department of Indigenous Services
ca-federal,2024-25,Allocation-Based and Direct Funding Stewardship,appropriation,4547681151.04,1,"Housing, Infrastructure and Communities Canada"
ca-federal,2024-25,Treasury Board Central,appropriation,4232621232.0,1,Treasury Board Secretariat
ca-federal,2024-25,Public Service Employer Payments,appropriation,4228707909.42,1,Treasury Board of Canada Secretariat
ca-federal,2024-25,"(S) Old Age Security Payments (R.S.C., 1985, c. O-9)",transfer,60648088711.1,1,Department of Employment and Social Development
ca-federal,2024-25,(S) Canada Health Transfer (Part V.1—Federal-Provincial Fiscal Arrangements Act),transfer,52070383303.0,1,Department of Finance
ca-federal,2024-25,(S) Fiscal Equalization (Part I—Federal-Provincial Fiscal Arrangements Act),transfer,25252833000.0,1,Department of Finance
ca-federal,2024-25,"(S) Guaranteed Income Supplement Payments (R.S.C., 1985, c. O-9)",transfer,18910375539.2,1,Department of Employment and Social Development
ca-federal,2024-25,(S) Canada Social Transfer (Part V.1—Federal-Provincial Fiscal Arrangements Act),transfer,16908791000.0,1,Department of Finance
ca-federal,2024-25,(S) Distribution of fuel charge (Canada Carbon Rebate) under section 165 of the Greenhouse Gas Pollution Pricing,transfer,15232994603.19,1,Canada Revenue Agency
ca-federal,2024-25,"Grants to First Nations to settle specific claims negotiated by Canada and/or awarded by the Specific Claims Tribunal, and to Indigenous groups to settle special claims",transfer,8313650447.4,1,Department of Crown-Indigenous Relations and Northern Affairs
ca-federal,2024-25,Payments to provinces and territories for the purpose of Early Learning and Child Care,transfer,7208049648.0,1,Department of Employment and Social Development
ca-federal,2024-25,(S) Territorial Financing (Part I.1—Federal-Provincial Fiscal Arrangements Act),transfer,5158964752.0,1,Department of Finance
ca-federal,2024-25,Contributions to support the construction and maintenance of community infrastructure,transfer,4903111580.01,1,Department of Indigenous Services
ca-federal,2024-25,"Contributions to provide children, youth, young adults, families  and communities with prevention and protection services",transfer,3886190381.2,1,Department of Indigenous Services
ca-federal,2024-25,Contributions for First Nations and Inuit Primary Health Care,transfer,3513282940.28,1,Department of Indigenous Services
ca-federal,2024-25,Grants from the International Development Assistance for Multilateral Programming,transfer,2769617584.47,1,"Department of Foreign Affairs, Trade and Development"
ca-federal,2024-25,(S) Canada Student Grants to qualifying full and part-time students pursuant to the Canada Student Financial Assistance Act,transfer,2584053454.26,1,Department of Employment and Social Development
ca-federal,2024-25,Contributions to support First Nations Elementary and Secondary Educational Advancement,transfer,2558613825.83,1,Department of Indigenous Services
ca-federal,2024-25,Contributions to Provinces and Territories for Shared Health Priorities,transfer,2550192350.0,1,Department of Health
ca-federal,2024-25,Investing in Canada Infrastructure Program,transfer,2490000727.08,1,"Department of Housing, Infrastructure and Communities"
ca-federal,2024-25,(S) Contributions related to the Canada Community-Building Fund (Keeping Canada's Economy and Jobs Growing Act),transfer,2400000000.0,2,Department of Indigenous Services
ca-federal,2024-25,Pain and Suffering Compensation,transfer,2305747175.68,1,Department of Veterans Affairs
ca-federal,2024-25,Payments to provinces and territories for the Purpose of Home Care and Mental Health,transfer,1800312300.0,1,Department of Health
ca-federal,2024-25,Grants to implement comprehensive land claims and self-government agreements and other agreements to address Section 35 Rights,transfer,1748519150.78,1,Department of Crown-Indigenous Relations and Northern Affairs
ca-federal,2024-25,Contributions under the Strategic Innovation Fund,transfer,1703467211.0,1,Department of Industry
ca-federal,2024-25,Grant to support the new fiscal relationship for First Nations under the Indian Act,transfer,1677434947.85,1,Department of Indigenous Services
ca-federal,2024-25,Dental benefits in relation to the Canadian Dental Care Plan,transfer,1647931186.19,1,Department of Health
ca-federal,2024-25,Grants and Scholarships,transfer,1496736054.13,2,Social Sciences and Humanities Research Council
qc,2021-22,Services dispensés à la population,programme,40432031000.0,1,Santé et Services sociaux
qc,2021-22,Éducation préscolaire et enseignement primaire et secondaire,programme,13065151000.0,1,Éducation
qc,2021-22,Régie de l’assurance maladie du Québec,programme,10880937000.0,1,Santé et Services sociaux
qc,2021-22,Enseignement supérieur,programme,6726346000.0,1,Enseignement supérieur
qc,2021-22,Service de la dette,programme,6399374000.0,1,Finances
qc,2021-22,Administration et services corporatifs,programme,5783924000.0,1,Transports
qc,2021-22,Fonctions de coordination,programme,4424296000.0,1,Santé et Services sociaux
qc,2021-22,Mesures d’aide financière,programme,2910904000.0,1,"Travail, Emploi et Solidarité sociale"
qc,2021-22,Infrastructures et systèmes de transport,programme,2898656000.0,1,Transports
qc,2021-22,Services de garde,programme,2862474000.0,1,Famille
qc,2021-22,Administration,programme,2786072000.0,2,Éducation
qc,2021-22,Taxe scolaire – Subvention d’équilibre fiscal,programme,1492309000.0,1,Éducation
qc,2021-22,Régimes de retraite,programme,1329894000.0,2,Éducation
qc,2021-22,Habitation,programme,1180107000.0,1,Affaires municipales et Habitation
qc,2021-22,"Soutien et développement de la culture, des communications et du patrimoine",programme,992230000.0,1,Culture et Communications
qc,2021-22,Mesures d’aide à l’emploi,programme,888176000.0,1,"Travail, Emploi et Solidarité sociale"
qc,2021-22,Compensations tenant lieu de taxes et soutien aux municipalités,programme,846473000.0,1,Affaires municipales et Habitation
qc,2021-22,Services de la Sûreté du Québec,programme,811971000.0,1,Sécurité publique
qc,2021-22,Aide financière aux études,programme,774043000.0,1,Enseignement supérieur
qc,2021-22,Développement de l’économie,programme,729734000.0,1,Économie et Innovation
qc,2021-22,"Développement des entreprises bioalimentaires, formation et qualité des aliments",programme,729460000.0,1,"Agriculture, Pêcheries et Alimentation"
qc,2021-22,"Gouvernance, administration et services à la clientèle",programme,576187000.0,1,"Travail, Emploi et Solidarité sociale"
qc,2021-22,Soutien aux fonctions gouvernementales,programme,562397000.0,1,Conseil du trésor et Administration gouvernementale
qc,2021-22,Gestion du système correctionnel,programme,558808000.0,1,Sécurité publique
qc,2021-22,Protection de l’environnement,programme,505665000.0,1,Environnement et Lutte contre les changements climatiques
qc,2022-23,Services dispens�s � la population,programme,45796666000.0,1,Sant� et Services sociaux
qc,2022-23,�ducation pr�scolaire et enseignement primaire et secondaire,programme,17209954000.0,1,�ducation
qc,2022-23,R�gie de l'assurance maladie du Qu�bec,programme,10670177000.0,1,Sant� et Services sociaux
qc,2022-23,Enseignement sup�rieur,programme,7445700000.0,1,Enseignement sup�rieur
qc,2022-23,Service de la dette,programme,7266537000.0,1,Finances
qc,2022-23,Mesures d'aide financi�re,programme,3240395000.0,1,"Travail, Emploi et Solidarit� sociale"
qc,2022-23,Services de garde,programme,3069194000.0,1,Famille
qc,2022-23,Administration,programme,3056412000.0,2,�ducation
qc,2022-23,Infrastructures et syst�mes de transport,programme,2679842000.0,1,Transports
qc,2022-23,Soutien aux fonctions gouvernementales,programme,2058438000.0,1,Conseil du tr�sor et Administration gouvernementale
qc,2022-23,R�gimes de retraite,programme,1539970000.0,2,�ducation
qc,2022-23,Taxe scolaire � Subvention d��quilibre fiscal,programme,1492130000.0,1,�ducation
qc,2022-23,Habitation,programme,1321831000.0,1,Affaires municipales et Habitation
qc,2022-23,Mesures d'aide � l'emploi,programme,1194491000.0,1,"Travail, Emploi et Solidarit� sociale"
qc,2022-23,"Soutien et d�veloppement de la culture, des communications et du patrimoine",programme,945177000.0,1,Culture et Communications
qc,2022-23,Soutien aux activit�s minist�rielles,programme,933629000.0,1,Affaires municipales et Habitation
qc,2022-23,Compensations tenant lieu de taxes et soutien aux municipalit�s,programme,917451000.0,1,Affaires municipales et Habitation
qc,2022-23,Aide financi�re aux �tudes et bourses incitatives,programme,877138000.0,1,Enseignement sup�rieur
qc,2022-23,Services de la S�ret� du Qu�bec,programme,850082000.0,1,S�curit� publique
qc,2022-23,D�veloppement des entreprises bioalimentaires et qualit� des aliments,programme,746225000.0,1,"Agriculture, P�cheries et Alimentation"
qc,2022-23,Gestion du syst�me correctionnel,programme,610456000.0,1,S�curit� publique
qc,2022-23,"Gouvernance, administration et services � la client�le",programme,584103000.0,1,"Travail, Emploi et Solidarit� sociale"
qc,2022-23,Modernisation des infrastructures municipales,programme,532425000.0,1,Affaires municipales et Habitation
qc,2022-23,R�gimes de retraite et d'assurances,programme,524768000.0,1,Conseil du tr�sor et Administration gouvernementale
qc,2022-23,Interventions relatives au Fonds du d�veloppement �conomique,programme,521649000.0,1,�conomie et Innovation
qc,2023-24,Services dispensés à la population,programme,45504920000.0,1,Santé et Services sociaux
qc,2023-24,Éducation préscolaire et enseignement primaire et secondaire,programme,18157239000.0,1,Éducation
qc,2023-24,Régie de l'assurance maladie du Québec,programme,11490676000.0,1,Santé et Services sociaux
qc,2023-24,Enseignement supérieur,programme,7854079000.0,1,Enseignement supérieur
qc,2023-24,Service de la dette,programme,6809846000.0,1,Finances
qc,2023-24,Services de garde,programme,3794042000.0,1,Famille
qc,2023-24,Solidarité sociale et Action communautaire,programme,3646542000.0,1,Emploi et Solidarité sociale
qc,2023-24,Infrastructures et systèmes de transport,programme,2322506000.0,1,Transports et Mobilité durable
qc,2023-24,Taxe scolaire – Subvention d’équilibre fiscal,programme,1488707000.0,1,Éducation
qc,2023-24,Régimes de retraite,programme,1442249000.0,2,Éducation
qc,2023-24,Habitation,programme,1436045000.0,1,Affaires municipales et Habitation
qc,2023-24,Compensations tenant lieu de taxes et soutien aux municipalités,programme,1231801000.0,1,Affaires municipales et Habitation
qc,2023-24,Emploi,programme,1027319000.0,1,Emploi et Solidarité sociale
qc,2023-24,Aide financière aux études et bourses incitatives,programme,1017987000.0,1,Enseignement supérieur
qc,2023-24,Services de la Sûreté du Québec,programme,997252000.0,1,Sécurité publique
qc,2023-24,Modernisation des infrastructures municipales,programme,987300000.0,1,Affaires municipales et Habitation
qc,2023-24,"Soutien et développement de la culture, des communications et du patrimoine",programme,945442000.0,1,Culture et Communications
qc,2023-24,Administration,programme,793215000.0,2,Éducation
qc,2023-24,Développement des entreprises bioalimentaires et qualité des aliments,programme,773802000.0,1,"Agriculture, Pêcheries et Alimentation"
qc,2023-24,Gestion des ressources naturelles et forestières,programme,737866000.0,1,Ressources naturelles et Forêts
qc,2023-24,Administration de la justice,programme,705987000.0,1,Justice
qc,2023-24,Interventions relatives au Fonds du développement économique,programme,658363000.0,1,"Économie, Innovation et Énergie"
qc,2023-24,Gestion du système correctionnel,programme,651065000.0,1,Sécurité publique
qc,2023-24,Protection de l'environnement et de la faune,programme,568406000.0,1,"Environnement, Lutte contre les changements climatiques, Faune"
qc,2023-24,"Gouvernance, administration et services à la clientèle",programme,564513000.0,1,Emploi et Solidarité sociale
qc,2024-25,Services dispensés à la population,programme,48382264000.0,1,Santé et Services sociaux
qc,2024-25,Éducation préscolaire et enseignement primaire et secondaire,programme,19641469000.0,1,Éducation
qc,2024-25,Régie de l'assurance maladie du Québec,programme,11614567000.0,1,Santé et Services sociaux
qc,2024-25,Enseignement supérieur,programme,8769103000.0,1,Enseignement supérieur
qc,2024-25,Service de la dette,programme,6987598000.0,1,Finances
qc,2024-25,Solidarité sociale et Action communautaire,programme,3882375000.0,1,Emploi et Solidarité sociale
qc,2024-25,Services de garde éducatifs à l'enfance,programme,3846539000.0,1,Famille
qc,2024-25,Infrastructures et systèmes de transport,programme,3691095000.0,1,Transports et Mobilité durable
qc,2024-25,Régimes de retraite,programme,1796437000.0,2,Éducation
qc,2024-25,Taxe scolaire – Subvention d'équilibre fiscal,programme,1485612000.0,1,Éducation
qc,2024-25,Interventions relatives au Fonds du développement économique,programme,1457701000.0,1,"Économie, Innovation et Énergie"
qc,2024-25,Compensations tenant lieu de taxes et soutien aux municipalités,programme,1436322000.0,1,Affaires municipales et Habitation
qc,2024-25,Soutien aux fonctions gouvernementales,programme,1327534000.0,1,Conseil du trésor et Administration gouvernementale
qc,2024-25,Aide financière aux études et bourses incitatives,programme,1175981000.0,1,Enseignement supérieur
qc,2024-25,Habitation,programme,1053390000.0,1,Affaires municipales et Habitation
qc,2024-25,Services de la Sûreté du Québec,programme,1051210000.0,1,Sécurité publique
qc,2024-25,"Soutien et développement de la culture, des communications et du patrimoine",programme,992987000.0,1,Culture et Communications
qc,2024-25,Emploi,programme,955864000.0,1,Emploi et Solidarité sociale
qc,2024-25,Modernisation des infrastructures municipales,programme,938349000.0,1,Affaires municipales et Habitation
qc,2024-25,Développement des entreprises bioalimentaires et qualité des aliments,programme,796829000.0,1,"Agriculture, Pêcheries et Alimentation"
qc,2024-25,Administration de la justice,programme,758991000.0,1,Justice
qc,2024-25,Gestion des ressources naturelles et forestières,programme,723344000.0,1,Ressources naturelles et Forêts
qc,2024-25,Régimes de retraite et d'assurances,programme,719365000.0,1,Conseil du trésor et Administration gouvernementale
qc,2024-25,Fonctions de coordination,programme,695582000.0,1,Santé et Services sociaux
qc,2024-25,Gestion du système correctionnel,programme,690420000.0,1,Sécurité publique
qc,2024-25,Établissements de santé et de services sociaux,transfer,44067451000.0,8,"Économie, Innovation et Énergie"
qc,2024-25,Institutions d'enseignement,transfer,32002586000.0,20,Éducation
qc,2024-25,Organismes et entreprises du gouvernement,transfer,12380784000.0,20,Éducation
qc,2024-25,Personnes,transfer,8546774000.0,16,Éducation
qc,2024-25,Municipalités,transfer,3641644000.0,20,Éducation
qc,2024-25,Organismes à but non lucratif,transfer,3561129000.0,24,Éducation
qc,2024-25,Entreprises du secteur privé,transfer,1983962000.0,18,Éducation
qc,2024-25,Bénéficiaires non ventilés,transfer,181730000.0,1,Culture et Communications
